This is pdfTeX, Version 3.141592653-2.6-1.40.29 (TeX Live 2026/Arch Linux) (preloaded format=pdflatex 2026.4.14)  17 APR 2026 15:13
entering extended mode
 \write18 enabled.
 file:line:error style messages enabled.
 %&-line parsing enabled.
**trigonometric.tex
(./trigonometric.tex
LaTeX2e <2025-11-01>
L3 programming layer <2026-01-19>
(/usr/share/texmf-dist/tex/latex/base/book.cls
Document Class: book 2025/01/22 v1.4n Standard LaTeX document class
(/usr/share/texmf-dist/tex/latex/base/fleqn.clo
File: fleqn.clo 2016/12/29 v1.2b Standard LaTeX option (flush left equations)
\mathindent=\skip49
Applying: [2015/01/01] Make \[ robust on input line 50.
LaTeX Info: Redefining \[ on input line 51.
Already applied: [0000/00/00] Make \[ robust on input line 62.
Applying: [2015/01/01] Make \] robust on input line 74.
LaTeX Info: Redefining \] on input line 75.
Already applied: [0000/00/00] Make \] robust on input line 83.
) (/usr/share/texmf-dist/tex/latex/base/bk12.clo
File: bk12.clo 2025/01/22 v1.4n Standard LaTeX file (size option)
)
\c@part=\count275
\c@chapter=\count276
\c@section=\count277
\c@subsection=\count278
\c@subsubsection=\count279
\c@paragraph=\count280
\c@subparagraph=\count281
\c@figure=\count282
\c@table=\count283
\abovecaptionskip=\skip50
\belowcaptionskip=\skip51
\bibindent=\dimen148
) (/usr/share/texmf-dist/tex/latex/titlesec/titlesec.sty
Package: titlesec 2025/01/04 v2.17 Sectioning titles
\ttl@box=\box53
\beforetitleunit=\skip52
\aftertitleunit=\skip53
\ttl@plus=\dimen149
\ttl@minus=\dimen150
\ttl@toksa=\toks17
\titlewidth=\dimen151
\titlewidthlast=\dimen152
\titlewidthfirst=\dimen153
) (/usr/share/texmf-dist/tex/latex/caption/caption.sty
Package: caption 2023/08/05 v3.6o Customizing captions (AR)
 (/usr/share/texmf-dist/tex/latex/caption/caption3.sty
Package: caption3 2023/07/31 v2.4d caption3 kernel (AR)
 (/usr/share/texmf-dist/tex/latex/graphics/keyval.sty
Package: keyval 2022/05/29 v1.15 key=value parser (DPC)
\KV@toks@=\toks18
)
\caption@tempdima=\dimen154
\captionmargin=\dimen155
\caption@leftmargin=\dimen156
\caption@rightmargin=\dimen157
\caption@width=\dimen158
\caption@indent=\dimen159
\caption@parindent=\dimen160
\caption@hangindent=\dimen161
Package caption Info: Standard document class detected.
)
\c@caption@flags=\count284
\c@continuedfloat=\count285
) (/usr/share/texmf-dist/tex/latex/multirow/multirow.sty
Package: multirow 2024/11/12 v2.9 Span multiple rows of a table
\multirow@colwidth=\skip54
\multirow@cntb=\count286
\multirow@dima=\skip55
\bigstrutjot=\dimen162
) (/usr/share/texmf-dist/tex/latex/import/import.sty
Package: import 2020/04/01  v 6.2
) (/usr/share/texmf-dist/tex/latex/xifthen/xifthen.sty
Package: xifthen 2015/11/05 v1.4.0 Extended ifthen features
 (/usr/share/texmf-dist/tex/latex/tools/calc.sty
Package: calc 2025/03/01 v4.3b Infix arithmetic (KKT,FJ)
\calc@Acount=\count287
\calc@Bcount=\count288
\calc@Adimen=\dimen163
\calc@Bdimen=\dimen164
\calc@Askip=\skip56
\calc@Bskip=\skip57
LaTeX Info: Redefining \setlength on input line 86.
LaTeX Info: Redefining \addtolength on input line 87.
\calc@Ccount=\count289
\calc@Cskip=\skip58
) (/usr/share/texmf-dist/tex/latex/base/ifthen.sty
Package: ifthen 2024/03/16 v1.1e Standard LaTeX ifthen package (DPC)
) (/usr/share/texmf-dist/tex/latex/ifmtarg/ifmtarg.sty
Package: ifmtarg 2018/04/16 v1.2b check for an empty argument
)) (/usr/share/texmf-dist/tex/latex/pdfpages/pdfpages.sty
Package: pdfpages 2025/07/23 v0.6g Insert pages of external PDF documents (AM)
 (/usr/share/texmf-dist/tex/latex/eso-pic/eso-pic.sty
Package: eso-pic 2025/12/10 v3.0d eso-pic (RN)
\ESO@tempdima=\dimen165
\ESO@tempdimb=\dimen166
 (/usr/share/texmf-dist/tex/latex/xcolor/xcolor.sty
Package: xcolor 2024/09/29 v3.02 LaTeX color extensions (UK)
 (/usr/share/texmf-dist/tex/latex/graphics-cfg/color.cfg
File: color.cfg 2016/01/02 v1.6 sample color configuration
)
Package xcolor Info: Driver file: pdftex.def on input line 274.
 (/usr/share/texmf-dist/tex/latex/graphics-def/pdftex.def
File: pdftex.def 2025/09/29 v1.2d Graphics/color driver for pdftex
) (/usr/share/texmf-dist/tex/latex/graphics/mathcolor.ltx)
Package xcolor Info: Model `cmy' substituted by `cmy0' on input line 1349.
Package xcolor Info: Model `hsb' substituted by `rgb' on input line 1353.
Package xcolor Info: Model `RGB' extended on input line 1365.
Package xcolor Info: Model `HTML' substituted by `rgb' on input line 1367.
Package xcolor Info: Model `Hsb' substituted by `hsb' on input line 1368.
Package xcolor Info: Model `tHsb' substituted by `hsb' on input line 1369.
Package xcolor Info: Model `HSB' substituted by `hsb' on input line 1370.
Package xcolor Info: Model `Gray' substituted by `gray' on input line 1371.
Package xcolor Info: Model `wave' substituted by `hsb' on input line 1372.
)) (/usr/share/texmf-dist/tex/latex/etoolbox/etoolbox.sty
Package: etoolbox 2025/10/02 v2.5m e-TeX tools for LaTeX (JAW)
\etb@tempcnta=\count290
) (/usr/share/texmf-dist/tex/latex/graphics/graphicx.sty
Package: graphicx 2024/12/31 v1.2e Enhanced LaTeX Graphics (DPC,SPQR)
 (/usr/share/texmf-dist/tex/latex/graphics/graphics.sty
Package: graphics 2024/08/06 v1.4g Standard LaTeX Graphics (DPC,SPQR)
 (/usr/share/texmf-dist/tex/latex/graphics/trig.sty
Package: trig 2023/12/02 v1.11 sin cos tan (DPC)
) (/usr/share/texmf-dist/tex/latex/graphics-cfg/graphics.cfg
File: graphics.cfg 2016/06/04 v1.11 sample graphics configuration
)
Package graphics Info: Driver file: pdftex.def on input line 106.
)
\Gin@req@height=\dimen167
\Gin@req@width=\dimen168
)
\AM@pagewidth=\dimen169
\AM@pageheight=\dimen170
\AM@fboxrule=\dimen171
 (/usr/share/texmf-dist/tex/latex/pdfpages/pppdftex.def
File: pppdftex.def 2025/07/23 v0.6g Pdfpages driver for pdfTeX (AM)
)
\pdfpages@includegraphics@status=\count291
\AM@pagebox=\box54
\AM@global@opts=\toks19
\AM@pagecnt=\count292
\AM@toc@title=\toks20
\AM@lof@heading=\toks21
\c@AM@survey=\count293
\AM@templatesizebox=\box55
) (/usr/share/texmf-dist/tex/latex/transparent/transparent.sty
Package: transparent 2025-06-23 v1.6 Transparency with color stacks
 (/usr/share/texmf-dist/tex/latex/transparent/transparent-nometadata.sty
Package: transparent-nometadata 2025-06-23 v1.6 Transparency via pdfTeX's color stack (HO)
 (/usr/share/texmf-dist/tex/generic/iftex/iftex.sty
Package: iftex 2024/12/12 v1.0g TeX engine tests
) (/usr/share/texmf-dist/tex/latex/auxhook/auxhook.sty
Package: auxhook 2019-12-17 v1.6 Hooks for auxiliary files (HO)
))) (/usr/share/texmf-dist/tex/latex/amsmath/amsmath.sty
Package: amsmath 2025/07/09 v2.17z AMS math features
\@mathmargin=\skip59

For additional information on amsmath, use the `?' option.
(/usr/share/texmf-dist/tex/latex/amsmath/amstext.sty
Package: amstext 2024/11/17 v2.01 AMS text
 (/usr/share/texmf-dist/tex/latex/amsmath/amsgen.sty
File: amsgen.sty 1999/11/30 v2.0 generic functions
\@emptytoks=\toks22
\ex@=\dimen172
)) (/usr/share/texmf-dist/tex/latex/amsmath/amsbsy.sty
Package: amsbsy 1999/11/29 v1.2d Bold Symbols
\pmbraise@=\dimen173
) (/usr/share/texmf-dist/tex/latex/amsmath/amsopn.sty
Package: amsopn 2022/04/08 v2.04 operator names
)
\inf@bad=\count294
LaTeX Info: Redefining \frac on input line 233.
\uproot@=\count295
\leftroot@=\count296
LaTeX Info: Redefining \overline on input line 398.
LaTeX Info: Redefining \colon on input line 409.
\classnum@=\count297
\DOTSCASE@=\count298
LaTeX Info: Redefining \ldots on input line 495.
LaTeX Info: Redefining \dots on input line 498.
LaTeX Info: Redefining \cdots on input line 619.
\Mathstrutbox@=\box56
\strutbox@=\box57
LaTeX Info: Redefining \big on input line 721.
LaTeX Info: Redefining \Big on input line 722.
LaTeX Info: Redefining \bigg on input line 723.
LaTeX Info: Redefining \Bigg on input line 724.
\big@size=\dimen174
LaTeX Font Info:    Redeclaring font encoding OML on input line 742.
LaTeX Font Info:    Redeclaring font encoding OMS on input line 743.
\macc@depth=\count299
LaTeX Info: Redefining \bmod on input line 904.
LaTeX Info: Redefining \pmod on input line 909.
LaTeX Info: Redefining \smash on input line 939.
LaTeX Info: Redefining \relbar on input line 969.
LaTeX Info: Redefining \Relbar on input line 970.
\c@MaxMatrixCols=\count300
\dotsspace@=\muskip17
\c@parentequation=\count301
\dspbrk@lvl=\count302
\tag@help=\toks23
\row@=\count303
\column@=\count304
\maxfields@=\count305
\andhelp@=\toks24
\eqnshift@=\dimen175
\alignsep@=\dimen176
\tagshift@=\dimen177
\tagwidth@=\dimen178
\totwidth@=\dimen179
\lineht@=\dimen180
\@envbody=\toks25
\multlinegap=\skip60
\multlinetaggap=\skip61
\mathdisplay@stack=\toks26
LaTeX Info: Redefining \[ on input line 2950.
LaTeX Info: Redefining \] on input line 2951.
) (/usr/share/texmf-dist/tex/latex/amsfonts/amssymb.sty
Package: amssymb 2013/01/14 v3.01 AMS font symbols
 (/usr/share/texmf-dist/tex/latex/amsfonts/amsfonts.sty
Package: amsfonts 2013/01/14 v3.01 Basic AMSFonts support
\symAMSa=\mathgroup4
\symAMSb=\mathgroup5
LaTeX Font Info:    Redeclaring math symbol \hbar on input line 98.
LaTeX Font Info:    Overwriting math alphabet `\mathfrak' in version `bold'
(Font)                  U/euf/m/n --> U/euf/b/n on input line 106.
)) (/usr/share/texmf-dist/tex/latex/tasks/tasks.sty (/usr/share/texmf-dist/tex/latex/l3kernel/expl3.sty
Package: expl3 2026-01-19 L3 programming layer (loader) 
 (/usr/share/texmf-dist/tex/latex/l3backend/l3backend-pdftex.def
File: l3backend-pdftex.def 2025-10-09 L3 backend support: PDF output (pdfTeX)
\l__color_backend_stack_int=\count306
)) (/usr/share/texmf-dist/tex/latex/l3packages/xparse/xparse.sty
Package: xparse 2025-10-09 L3 Experimental document command parser
) (/usr/share/texmf-dist/tex/latex/l3packages/xtemplate/xtemplate.sty
Package: xtemplate 2025-10-09 L3 Experimental prototype document functions
)
Package: tasks 2022/01/08 v1.4a lists with columns filled horizontally
\g__tasks_total_items_int=\count307
\l__tasks_columns_int=\count308
\g__tasks_rows_int=\count309
\g__tasks_current_col_num_int=\count310
\g__tasks_current_row_num_int=\count311
\l__tasks_item_columns_int=\count312
\g__tasks_env_int=\count313
\l__tasks_start_int=\count314
\l__tasks_item_indent_dim=\dimen181
\l__tasks_item_default_indent_dim=\dimen182
\l__tasks_item_width_dim=\dimen183
\l__tasks_label_width_dim=\dimen184
\l__tasks_label_default_width_dim=\dimen185
\l__tasks_label_offset_dim=\dimen186
\l__tasks_label_default_offset_dim=\dimen187
\l__tasks_column_sep_dim=\dimen188
\l__tasks_correction_dim=\dimen189
\l__tasks_full_width_dim=\dimen190
\l__tasks_after_item_skip=\skip62
\l__tasks_custom_after_item_skip=\skip63
\l__tasks_before_list_skip=\skip64
\l__tasks_after_list_skip=\skip65
\l__tasks_item_coffin=\box58
\l__tasks_label_coffin=\box59
\c@task=\count315
\l__tasks_tmpa_int=\count316
\l__tasks_tmpb_int=\count317
\l__tasks_tmpa_coffin=\box60
\l__tasks_tmpa_box=\box61

LaTeX template Info: Declaring template type 'tasks' taking 3 argument(s) on
(template)           line 450.

 (/usr/share/texmf-dist/tex/latex/tasks/tasks.cfg)) (/usr/share/texmf-dist/tex/latex/pgf/frontendlayer/tikz.sty (/usr/share/texmf-dist/tex/latex/pgf/basiclayer/pgf.sty (/usr/share/texmf-dist/tex/latex/pgf/utilities/pgfrcs.sty (/usr/share/texmf-dist/tex/generic/pgf/utilities/pgfutil-common.tex
\pgfutil@everybye=\toks27
\pgfutil@tempdima=\dimen191
\pgfutil@tempdimb=\dimen192
) (/usr/share/texmf-dist/tex/generic/pgf/utilities/pgfutil-latex.def
\pgfutil@abb=\box62
) (/usr/share/texmf-dist/tex/generic/pgf/utilities/pgfrcs.code.tex (/usr/share/texmf-dist/tex/generic/pgf/pgf.revision.tex)
Package: pgfrcs 2025-08-29 v3.1.11a (3.1.11a)
))
Package: pgf 2025-08-29 v3.1.11a (3.1.11a)
 (/usr/share/texmf-dist/tex/latex/pgf/basiclayer/pgfcore.sty (/usr/share/texmf-dist/tex/latex/pgf/systemlayer/pgfsys.sty (/usr/share/texmf-dist/tex/generic/pgf/systemlayer/pgfsys.code.tex
Package: pgfsys 2025-08-29 v3.1.11a (3.1.11a)
 (/usr/share/texmf-dist/tex/generic/pgf/utilities/pgfkeys.code.tex
\pgfkeys@pathtoks=\toks28
\pgfkeys@temptoks=\toks29
 (/usr/share/texmf-dist/tex/generic/pgf/utilities/pgfkeyslibraryfiltered.code.tex
\pgfkeys@tmptoks=\toks30
))
\pgf@x=\dimen193
\pgf@y=\dimen194
\pgf@xa=\dimen195
\pgf@ya=\dimen196
\pgf@xb=\dimen197
\pgf@yb=\dimen198
\pgf@xc=\dimen199
\pgf@yc=\dimen256
\pgf@xd=\dimen257
\pgf@yd=\dimen258
\w@pgf@writea=\write3
\r@pgf@reada=\read2
\c@pgf@counta=\count318
\c@pgf@countb=\count319
\c@pgf@countc=\count320
\c@pgf@countd=\count321
\t@pgf@toka=\toks31
\t@pgf@tokb=\toks32
\t@pgf@tokc=\toks33
\pgf@sys@id@count=\count322
 (/usr/share/texmf-dist/tex/generic/pgf/systemlayer/pgf.cfg
File: pgf.cfg 2025-08-29 v3.1.11a (3.1.11a)
)
Driver file for pgf: pgfsys-pdftex.def
 (/usr/share/texmf-dist/tex/generic/pgf/systemlayer/pgfsys-pdftex.def
File: pgfsys-pdftex.def 2025-08-29 v3.1.11a (3.1.11a)
 (/usr/share/texmf-dist/tex/generic/pgf/systemlayer/pgfsys-common-pdf.def
File: pgfsys-common-pdf.def 2025-08-29 v3.1.11a (3.1.11a)
))) (/usr/share/texmf-dist/tex/generic/pgf/systemlayer/pgfsyssoftpath.code.tex
File: pgfsyssoftpath.code.tex 2025-08-29 v3.1.11a (3.1.11a)
\pgfsyssoftpath@smallbuffer@items=\count323
\pgfsyssoftpath@bigbuffer@items=\count324
) (/usr/share/texmf-dist/tex/generic/pgf/systemlayer/pgfsysprotocol.code.tex
File: pgfsysprotocol.code.tex 2025-08-29 v3.1.11a (3.1.11a)
)) (/usr/share/texmf-dist/tex/generic/pgf/basiclayer/pgfcore.code.tex
Package: pgfcore 2025-08-29 v3.1.11a (3.1.11a)
 (/usr/share/texmf-dist/tex/generic/pgf/math/pgfmath.code.tex (/usr/share/texmf-dist/tex/generic/pgf/math/pgfmathutil.code.tex)
(/usr/share/texmf-dist/tex/generic/pgf/math/pgfmathparser.code.tex
\pgfmath@dimen=\dimen259
\pgfmath@count=\count325
\pgfmath@box=\box63
\pgfmath@toks=\toks34
\pgfmath@stack@operand=\toks35
\pgfmath@stack@operation=\toks36
) (/usr/share/texmf-dist/tex/generic/pgf/math/pgfmathfunctions.code.tex) (/usr/share/texmf-dist/tex/generic/pgf/math/pgfmathfunctions.basic.code.tex) (/usr/share/texmf-dist/tex/generic/pgf/math/pgfmathfunctions.trigonometric.code.tex) (/usr/share/texmf-dist/tex/generic/pgf/math/pgfmathfunctions.random.code.tex) (/usr/share/texmf-dist/tex/generic/pgf/math/pgfmathfunctions.comparison.code.tex) (/usr/share/texmf-dist/tex/generic/pgf/math/pgfmathfunctions.base.code.tex) (/usr/share/texmf-dist/tex/generic/pgf/math/pgfmathfunctions.round.code.tex) (/usr/share/texmf-dist/tex/generic/pgf/math/pgfmathfunctions.misc.code.tex) (/usr/share/texmf-dist/tex/generic/pgf/math/pgfmathfunctions.integerarithmetics.code.tex) (/usr/share/texmf-dist/tex/generic/pgf/math/pgfmathcalc.code.tex) (/usr/share/texmf-dist/tex/generic/pgf/math/pgfmathfloat.code.tex
\c@pgfmathroundto@lastzeros=\count326
)) (/usr/share/texmf-dist/tex/generic/pgf/math/pgfint.code.tex) (/usr/share/texmf-dist/tex/generic/pgf/basiclayer/pgfcorepoints.code.tex
File: pgfcorepoints.code.tex 2025-08-29 v3.1.11a (3.1.11a)
\pgf@picminx=\dimen260
\pgf@picmaxx=\dimen261
\pgf@picminy=\dimen262
\pgf@picmaxy=\dimen263
\pgf@pathminx=\dimen264
\pgf@pathmaxx=\dimen265
\pgf@pathminy=\dimen266
\pgf@pathmaxy=\dimen267
\pgf@xx=\dimen268
\pgf@xy=\dimen269
\pgf@yx=\dimen270
\pgf@yy=\dimen271
\pgf@zx=\dimen272
\pgf@zy=\dimen273
) (/usr/share/texmf-dist/tex/generic/pgf/basiclayer/pgfcorepathconstruct.code.tex
File: pgfcorepathconstruct.code.tex 2025-08-29 v3.1.11a (3.1.11a)
\pgf@path@lastx=\dimen274
\pgf@path@lasty=\dimen275
) (/usr/share/texmf-dist/tex/generic/pgf/basiclayer/pgfcorepathusage.code.tex
File: pgfcorepathusage.code.tex 2025-08-29 v3.1.11a (3.1.11a)
\pgf@shorten@end@additional=\dimen276
\pgf@shorten@start@additional=\dimen277
) (/usr/share/texmf-dist/tex/generic/pgf/basiclayer/pgfcorescopes.code.tex
File: pgfcorescopes.code.tex 2025-08-29 v3.1.11a (3.1.11a)
\pgfpic=\box64
\pgf@hbox=\box65
\pgf@layerbox@main=\box66
\pgf@picture@serial@count=\count327
) (/usr/share/texmf-dist/tex/generic/pgf/basiclayer/pgfcoregraphicstate.code.tex
File: pgfcoregraphicstate.code.tex 2025-08-29 v3.1.11a (3.1.11a)
\pgflinewidth=\dimen278
) (/usr/share/texmf-dist/tex/generic/pgf/basiclayer/pgfcoretransformations.code.tex
File: pgfcoretransformations.code.tex 2025-08-29 v3.1.11a (3.1.11a)
\pgf@pt@x=\dimen279
\pgf@pt@y=\dimen280
\pgf@pt@temp=\dimen281
) (/usr/share/texmf-dist/tex/generic/pgf/basiclayer/pgfcorequick.code.tex
File: pgfcorequick.code.tex 2025-08-29 v3.1.11a (3.1.11a)
) (/usr/share/texmf-dist/tex/generic/pgf/basiclayer/pgfcoreobjects.code.tex
File: pgfcoreobjects.code.tex 2025-08-29 v3.1.11a (3.1.11a)
) (/usr/share/texmf-dist/tex/generic/pgf/basiclayer/pgfcorepathprocessing.code.tex
File: pgfcorepathprocessing.code.tex 2025-08-29 v3.1.11a (3.1.11a)
) (/usr/share/texmf-dist/tex/generic/pgf/basiclayer/pgfcorearrows.code.tex
File: pgfcorearrows.code.tex 2025-08-29 v3.1.11a (3.1.11a)
\pgfarrowsep=\dimen282
) (/usr/share/texmf-dist/tex/generic/pgf/basiclayer/pgfcoreshade.code.tex
File: pgfcoreshade.code.tex 2025-08-29 v3.1.11a (3.1.11a)
\pgf@max=\dimen283
\pgf@sys@shading@range@num=\count328
\pgf@shadingcount=\count329
) (/usr/share/texmf-dist/tex/generic/pgf/basiclayer/pgfcoreimage.code.tex
File: pgfcoreimage.code.tex 2025-08-29 v3.1.11a (3.1.11a)
) (/usr/share/texmf-dist/tex/generic/pgf/basiclayer/pgfcoreexternal.code.tex
File: pgfcoreexternal.code.tex 2025-08-29 v3.1.11a (3.1.11a)
\pgfexternal@startupbox=\box67
)
(/usr/share/texmf-dist/tex/generic/pgf/basiclayer/pgfcorelayers.code.tex
File: pgfcorelayers.code.tex 2025-08-29 v3.1.11a (3.1.11a)
) (/usr/share/texmf-dist/tex/generic/pgf/basiclayer/pgfcoretransparency.code.tex
File: pgfcoretransparency.code.tex 2025-08-29 v3.1.11a (3.1.11a)
) (/usr/share/texmf-dist/tex/generic/pgf/basiclayer/pgfcorepatterns.code.tex
File: pgfcorepatterns.code.tex 2025-08-29 v3.1.11a (3.1.11a)
) (/usr/share/texmf-dist/tex/generic/pgf/basiclayer/pgfcorerdf.code.tex
File: pgfcorerdf.code.tex 2025-08-29 v3.1.11a (3.1.11a)
))) (/usr/share/texmf-dist/tex/generic/pgf/modules/pgfmoduleshapes.code.tex
File: pgfmoduleshapes.code.tex 2025-08-29 v3.1.11a (3.1.11a)
\pgfnodeparttextbox=\box68
) (/usr/share/texmf-dist/tex/generic/pgf/modules/pgfmoduleplot.code.tex
File: pgfmoduleplot.code.tex 2025-08-29 v3.1.11a (3.1.11a)
) (/usr/share/texmf-dist/tex/latex/pgf/compatibility/pgfcomp-version-0-65.sty
Package: pgfcomp-version-0-65 2025-08-29 v3.1.11a (3.1.11a)
\pgf@nodesepstart=\dimen284
\pgf@nodesepend=\dimen285
) (/usr/share/texmf-dist/tex/latex/pgf/compatibility/pgfcomp-version-1-18.sty
Package: pgfcomp-version-1-18 2025-08-29 v3.1.11a (3.1.11a)
)) (/usr/share/texmf-dist/tex/latex/pgf/utilities/pgffor.sty (/usr/share/texmf-dist/tex/latex/pgf/utilities/pgfkeys.sty (/usr/share/texmf-dist/tex/generic/pgf/utilities/pgfkeys.code.tex)) (/usr/share/texmf-dist/tex/latex/pgf/math/pgfmath.sty (/usr/share/texmf-dist/tex/generic/pgf/math/pgfmath.code.tex)) (/usr/share/texmf-dist/tex/generic/pgf/utilities/pgffor.code.tex
Package: pgffor 2025-08-29 v3.1.11a (3.1.11a)
\pgffor@iter=\dimen286
\pgffor@skip=\dimen287
\pgffor@stack=\toks37
\pgffor@toks=\toks38
)) (/usr/share/texmf-dist/tex/generic/pgf/frontendlayer/tikz/tikz.code.tex
Package: tikz 2025-08-29 v3.1.11a (3.1.11a)
 (/usr/share/texmf-dist/tex/generic/pgf/libraries/pgflibraryplothandlers.code.tex
File: pgflibraryplothandlers.code.tex 2025-08-29 v3.1.11a (3.1.11a)
\pgf@plot@mark@count=\count330
\pgfplotmarksize=\dimen288
)
\tikz@lastx=\dimen289
\tikz@lasty=\dimen290
\tikz@lastxsaved=\dimen291
\tikz@lastysaved=\dimen292
\tikz@lastmovetox=\dimen293
\tikz@lastmovetoy=\dimen294
\tikzleveldistance=\dimen295
\tikzsiblingdistance=\dimen296
\tikz@figbox=\box69
\tikz@figbox@bg=\box70
\tikz@tempbox=\box71
\tikz@tempbox@bg=\box72
\tikztreelevel=\count331
\tikznumberofchildren=\count332
\tikznumberofcurrentchild=\count333
\tikz@fig@count=\count334
 (/usr/share/texmf-dist/tex/generic/pgf/modules/pgfmodulematrix.code.tex
File: pgfmodulematrix.code.tex 2025-08-29 v3.1.11a (3.1.11a)
\pgfmatrixcurrentrow=\count335
\pgfmatrixcurrentcolumn=\count336
\pgf@matrix@numberofcolumns=\count337
)
\tikz@expandcount=\count338
 (/usr/share/texmf-dist/tex/generic/pgf/frontendlayer/tikz/libraries/tikzlibrarytopaths.code.tex
File: tikzlibrarytopaths.code.tex 2025-08-29 v3.1.11a (3.1.11a)
))) (/usr/share/texmf-dist/tex/latex/pgfplots/pgfplots.sty (/usr/share/texmf-dist/tex/generic/pgfplots/pgfplots.revision.tex)
Package: pgfplots 2025/08/14 v1.18.2 Data Visualization (1.18.2)
 (/usr/share/texmf-dist/tex/generic/pgfplots/pgfplots.code.tex (/usr/share/texmf-dist/tex/generic/pgfplots/pgfplotscore.code.tex
\t@pgfplots@toka=\toks39
\t@pgfplots@tokb=\toks40
\t@pgfplots@tokc=\toks41
\pgfplots@tmpa=\dimen297
\c@pgfplots@coordindex=\count339
\c@pgfplots@scanlineindex=\count340
 (/usr/share/texmf-dist/tex/generic/pgfplots/sys/pgfplotssysgeneric.code.tex)) (/usr/share/texmf-dist/tex/generic/pgfplots/libs/pgfplotslibrary.code.tex) (/usr/share/texmf-dist/tex/generic/pgfplots/oldpgfcompatib/pgfplotsoldpgfsupp_loader.code.tex (/usr/share/texmf-dist/tex/generic/pgf/libraries/pgflibraryfpu.code.tex) (/usr/share/texmf-dist/tex/generic/pgfplots/oldpgfcompatib/pgfplotsoldpgfsupp_pgfutil-common-lists.tex))
(/usr/share/texmf-dist/tex/generic/pgfplots/util/pgfplotsutil.code.tex (/usr/share/texmf-dist/tex/generic/pgfplots/liststructure/pgfplotsliststructure.code.tex) (/usr/share/texmf-dist/tex/generic/pgfplots/liststructure/pgfplotsliststructureext.code.tex) (/usr/share/texmf-dist/tex/generic/pgfplots/liststructure/pgfplotsarray.code.tex
\c@pgfplotsarray@tmp=\count341
) (/usr/share/texmf-dist/tex/generic/pgfplots/liststructure/pgfplotsmatrix.code.tex) (/usr/share/texmf-dist/tex/generic/pgfplots/numtable/pgfplotstableshared.code.tex
\c@pgfplotstable@counta=\count342
\t@pgfplotstable@a=\toks42
) (/usr/share/texmf-dist/tex/generic/pgfplots/liststructure/pgfplotsdeque.code.tex) (/usr/share/texmf-dist/tex/generic/pgfplots/util/pgfplotsbinary.code.tex (/usr/share/texmf-dist/tex/generic/pgfplots/util/pgfplotsbinary.data.code.tex)) (/usr/share/texmf-dist/tex/generic/pgfplots/util/pgfplotsutil.verb.code.tex) (/usr/share/texmf-dist/tex/generic/pgfplots/libs/pgflibrarypgfplots.surfshading.code.tex
\c@pgfplotslibrarysurf@no=\count343
 (/usr/share/texmf-dist/tex/generic/pgfplots/sys/pgflibrarypgfplots.surfshading.pgfsys-pdftex.def))) (/usr/share/texmf-dist/tex/generic/pgfplots/util/pgfplotscolormap.code.tex (/usr/share/texmf-dist/tex/generic/pgfplots/util/pgfplotscolor.code.tex)) (/usr/share/texmf-dist/tex/generic/pgfplots/pgfplotsstackedplots.code.tex) (/usr/share/texmf-dist/tex/generic/pgfplots/pgfplotsplothandlers.code.tex (/usr/share/texmf-dist/tex/generic/pgfplots/pgfplotsmeshplothandler.code.tex (/usr/share/texmf-dist/tex/generic/pgfplots/pgfplotsmeshplotimage.code.tex))) (/usr/share/texmf-dist/tex/generic/pgfplots/pgfplots.scaling.code.tex) (/usr/share/texmf-dist/tex/generic/pgfplots/pgfplotscoordprocessing.code.tex) (/usr/share/texmf-dist/tex/generic/pgfplots/pgfplots.errorbars.code.tex) (/usr/share/texmf-dist/tex/generic/pgfplots/pgfplots.markers.code.tex) (/usr/share/texmf-dist/tex/generic/pgfplots/pgfplotsticks.code.tex) (/usr/share/texmf-dist/tex/generic/pgfplots/pgfplots.paths.code.tex) (/usr/share/texmf-dist/tex/generic/pgf/frontendlayer/tikz/libraries/tikzlibrarydecorations.code.tex
(/usr/share/texmf-dist/tex/generic/pgf/modules/pgfmoduledecorations.code.tex
\pgfdecoratedcompleteddistance=\dimen298
\pgfdecoratedremainingdistance=\dimen299
\pgfdecoratedinputsegmentcompleteddistance=\dimen300
\pgfdecoratedinputsegmentremainingdistance=\dimen301
\pgf@decorate@distancetomove=\dimen302
\pgf@decorate@repeatstate=\count344
\pgfdecorationsegmentamplitude=\dimen303
\pgfdecorationsegmentlength=\dimen304
)
\tikz@lib@dec@box=\box73
) (/usr/share/texmf-dist/tex/generic/pgf/frontendlayer/tikz/libraries/tikzlibrarydecorations.pathmorphing.code.tex (/usr/share/texmf-dist/tex/generic/pgf/libraries/decorations/pgflibrarydecorations.pathmorphing.code.tex)) (/usr/share/texmf-dist/tex/generic/pgf/frontendlayer/tikz/libraries/tikzlibrarydecorations.pathreplacing.code.tex (/usr/share/texmf-dist/tex/generic/pgf/libraries/decorations/pgflibrarydecorations.pathreplacing.code.tex)) (/usr/share/texmf-dist/tex/generic/pgfplots/libs/tikzlibrarypgfplots.contourlua.code.tex)
\pgfplots@numplots=\count345
\pgfplots@xmin@reg=\dimen305
\pgfplots@xmax@reg=\dimen306
\pgfplots@ymin@reg=\dimen307
\pgfplots@ymax@reg=\dimen308
\pgfplots@zmin@reg=\dimen309
\pgfplots@zmax@reg=\dimen310
) (/usr/share/texmf-dist/tex/generic/pgf/frontendlayer/tikz/libraries/tikzlibraryplotmarks.code.tex
File: tikzlibraryplotmarks.code.tex 2025-08-29 v3.1.11a (3.1.11a)
 (/usr/share/texmf-dist/tex/generic/pgf/libraries/pgflibraryplotmarks.code.tex
File: pgflibraryplotmarks.code.tex 2025-08-29 v3.1.11a (3.1.11a)
))) (/usr/share/texmf-dist/tex/generic/pgf/frontendlayer/tikz/libraries/tikzlibraryarrows.code.tex
File: tikzlibraryarrows.code.tex 2025-08-29 v3.1.11a (3.1.11a)
 (/usr/share/texmf-dist/tex/generic/pgf/libraries/pgflibraryarrows.code.tex
File: pgflibraryarrows.code.tex 2025-08-29 v3.1.11a (3.1.11a)
\arrowsize=\dimen311
)) (/usr/share/texmf-dist/tex/generic/pgf/frontendlayer/tikz/libraries/tikzlibraryangles.code.tex
File: tikzlibraryangles.code.tex 2025-08-29 v3.1.11a (3.1.11a)
) (/usr/share/texmf-dist/tex/generic/pgf/frontendlayer/tikz/libraries/tikzlibraryquotes.code.tex
File: tikzlibraryquotes.code.tex 2025-08-29 v3.1.11a (3.1.11a)
) (/usr/share/texmf-dist/tex/latex/tkz-euclide/tkz-euclide.sty
2026/01/25 5.13c tkz-euclide.sty
Package: tkz-euclide  2026/01/25 5.13c for pure Euclidean Geometry 
(/usr/share/texmf-dist/tex/generic/pgf/libraries/pgflibraryarrows.meta.code.tex
File: pgflibraryarrows.meta.code.tex 2025-08-29 v3.1.11a (3.1.11a)
\pgfarrowinset=\dimen312
\pgfarrowlength=\dimen313
\pgfarrowwidth=\dimen314
\pgfarrowlinewidth=\dimen315
) (/usr/share/texmf-dist/tex/generic/pgf/frontendlayer/tikz/libraries/tikzlibrarybackgrounds.code.tex
File: tikzlibrarybackgrounds.code.tex 2025-08-29 v3.1.11a (3.1.11a)
\pgf@layerbox@background=\box74
\pgf@layerboxsaved@background=\box75
) (/usr/share/texmf-dist/tex/generic/pgf/frontendlayer/tikz/libraries/tikzlibrarycalc.code.tex
File: tikzlibrarycalc.code.tex 2025-08-29 v3.1.11a (3.1.11a)
) (/usr/share/texmf-dist/tex/generic/pgf/frontendlayer/tikz/libraries/tikzlibrarydecorations.markings.code.tex (/usr/share/texmf-dist/tex/generic/pgf/libraries/decorations/pgflibrarydecorations.markings.code.tex)) (/usr/share/texmf-dist/tex/generic/pgf/frontendlayer/tikz/libraries/tikzlibrarydecorations.shapes.code.tex (/usr/share/texmf-dist/tex/generic/pgf/libraries/decorations/pgflibrarydecorations.shapes.code.tex)) (/usr/share/texmf-dist/tex/generic/pgf/frontendlayer/tikz/libraries/tikzlibrarydecorations.text.code.tex (/usr/share/texmf-dist/tex/generic/pgf/libraries/decorations/pgflibrarydecorations.text.code.tex
\pgf@lib@dec@text@box=\box76
)
\tikz@lib@dec@te@box=\box77
) (/usr/share/texmf-dist/tex/generic/pgf/frontendlayer/tikz/libraries/tikzlibraryintersections.code.tex (/usr/share/texmf-dist/tex/generic/pgf/libraries/pgflibraryintersections.code.tex
\pgf@intersect@solutions=\count346
)) (/usr/share/texmf-dist/tex/generic/pgf/frontendlayer/tikz/libraries/tikzlibrarymath.code.tex (/usr/share/texmf-dist/tex/generic/pgf/frontendlayer/tikz/libraries/tikzlibraryfpu.code.tex)
\tikz@math@for@depth=\count347
\tikz@math@dimen=\dimen316
\tikz@math@toks=\toks43
) (/usr/share/texmf-dist/tex/generic/pgf/frontendlayer/tikz/libraries/tikzlibrarypositioning.code.tex
File: tikzlibrarypositioning.code.tex 2025-08-29 v3.1.11a (3.1.11a)
) (/usr/share/texmf-dist/tex/generic/pgf/frontendlayer/tikz/libraries/tikzlibraryshapes.misc.code.tex
File: tikzlibraryshapes.misc.code.tex 2025-08-29 v3.1.11a (3.1.11a)
 (/usr/share/texmf-dist/tex/generic/pgf/libraries/shapes/pgflibraryshapes.misc.code.tex
File: pgflibraryshapes.misc.code.tex 2025-08-29 v3.1.11a (3.1.11a)
)) (/usr/share/texmf-dist/tex/generic/pgf/frontendlayer/tikz/libraries/tikzlibrarythrough.code.tex
File: tikzlibrarythrough.code.tex 2025-08-29 v3.1.11a (3.1.11a)
) (/usr/share/texmf-dist/tex/latex/l3packages/xfp/xfp.sty
Package: xfp 2025-10-09 L3 Floating point unit
) (/usr/share/texmf-dist/tex/latex/xpatch/xpatch.sty
Package: xpatch 2020/03/25 v0.3a Extending etoolbox patching commands
)
\tkzRadius=\dimen317
\tkzLength=\dimen318
\tkz@radi=\dimen319
\tkz@ax=\dimen320
\tkz@ay=\dimen321
\tkz@bx=\dimen322
\tkz@by=\dimen323
\tkz@cx=\dimen324
\tkz@cy=\dimen325
\tkz@dx=\dimen326
\tkz@dy=\dimen327
\tkz@cntmk=\count348

Local configuration file tkz-euclide.cfg found and used
(/usr/share/texmf-dist/tex/latex/tkz-euclide/tkz-euclide.cfg
2026/01/25 5.13c tkz-euclide.cfg
) (/usr/share/texmf-dist/tex/latex/tkz-euclide/tkz-tools-eu-base.tex
2026/01/25 5.13c tkz-tools-eu-base.tex
) (/usr/share/texmf-dist/tex/latex/tkz-euclide/tkz-tools-eu-utilities.tex
2026/01/25 5.13c tkz-tools-eu-utilities.tex
) (/usr/share/texmf-dist/tex/latex/tkz-euclide/tkz-tools-eu-BB.tex
2026/01/25 5.13c tkz-obj-eu-BB.tex
) (/usr/share/texmf-dist/tex/latex/tkz-euclide/tkz-obj-eu-grids.tex
2026/01/25 5.13c tkz-obj-eu-grids.tex
) (/usr/share/texmf-dist/tex/latex/tkz-euclide/tkz-lib-eu-marks.tex
2026/01/25 5.13c tkz-lib-eu-marks.tex
) (/usr/share/texmf-dist/tex/latex/tkz-euclide/tkz-tools-eu-text.tex
2026/01/25 5.13c tkz-tools-eu-text.tex
) (/usr/share/texmf-dist/tex/latex/tkz-euclide/tkz-lib-eu-shape.tex
2026/01/25 5.13c tkz-lib-eu-shape.tex
) (/usr/share/texmf-dist/tex/latex/tkz-euclide/tkz-obj-eu-axesmin.tex
2026/01/25 5.13c tkz-obj-eu-axesmin
) (/usr/share/texmf-dist/tex/latex/tkz-euclide/tkz-tools-eu-colors.tex
2026/01/25 5.13c tkz-tools-eu-colors
) (/usr/share/texmf-dist/tex/latex/tkz-euclide/tkz-obj-eu-points.tex
2026/01/25 5.13c tkz-obj-eu-points.tex
) (/usr/share/texmf-dist/tex/latex/tkz-euclide/tkz-draw-eu-points.tex
2026/01/25 5.13c tkz-draw-eu-points.tex
) (/usr/share/texmf-dist/tex/latex/tkz-euclide/tkz-obj-eu-points.tex
2026/01/25 5.13c tkz-obj-eu-points.tex
) (/usr/share/texmf-dist/tex/latex/tkz-euclide/tkz-obj-eu-points-by.tex
2026/01/25 5.13c tkz-tools-eu-points-by.tex
) (/usr/share/texmf-dist/tex/latex/tkz-euclide/tkz-tools-eu-math.tex
2026/01/25 5.13c tkz-tools-eu-math.tex
) (/usr/share/texmf-dist/tex/latex/tkz-euclide/tkz-tools-eu-intersections.tex
2026/01/25 5.13c tkz-tools-eu-intersections.tex
) (/usr/share/texmf-dist/tex/latex/tkz-euclide/tkz-obj-eu-points-with.tex
2026/01/25 5.13c tkz-obj-eu-points-with.tex
) (/usr/share/texmf-dist/tex/latex/tkz-euclide/tkz-obj-eu-points-spc.tex
2026/01/25 5.13c tkz-obj-el-points.tex
) (/usr/share/texmf-dist/tex/latex/tkz-euclide/tkz-tools-eu-angles.tex
2026/01/25 5.13c tkz-tools-eu-angles.tex
) (/usr/share/texmf-dist/tex/latex/tkz-euclide/tkz-obj-eu-circles.tex
2026/01/25 5.13c tkz-obj-eu-circles.tex
) (/usr/share/texmf-dist/tex/latex/tkz-euclide/tkz-obj-eu-circles-by.tex
2026/01/25 5.13c tkz-obj-eu-circles.tex
) (/usr/share/texmf-dist/tex/latex/tkz-euclide/tkz-obj-eu-points-rnd.tex
2026/01/25 5.13c tkz-obj-eu-points-rnd.tex
) (/usr/share/texmf-dist/tex/latex/tkz-euclide/tkz-obj-eu-lines.tex
2026/01/25 5.13c tkz-obj-eu-lines.tex
) (/usr/share/texmf-dist/tex/latex/tkz-euclide/tkz-obj-eu-polygons.tex
2026/01/25 5.13c tkz-obj-eu-polygons.tex
) (/usr/share/texmf-dist/tex/latex/tkz-euclide/tkz-obj-eu-triangles.tex
2026/01/25 5.13c tkz-obj-eu-triangles.tex
) (/usr/share/texmf-dist/tex/latex/tkz-euclide/tkz-draw-eu-lines.tex
2026/01/25 5.13c tkz-obj-eu-draw-lines.tex
) (/usr/share/texmf-dist/tex/latex/tkz-euclide/tkz-draw-eu-circles.tex
2026/01/25 5.13c tkz-obj-eu-draw-circles.tex
) (/usr/share/texmf-dist/tex/latex/tkz-euclide/tkz-draw-eu-ellipses.tex
2026/01/25 5.13c tkz-obj-eu-draw-ellipses.tex
) (/usr/share/texmf-dist/tex/latex/tkz-euclide/tkz-draw-eu-polygons.tex
2026/01/25 5.13c tkz-obj-eu-polygons.tex
) (/usr/share/texmf-dist/tex/latex/tkz-euclide/tkz-draw-eu-arcs.tex
2026/01/25 5.13c tkz-tool-eu-arcs.tex
) (/usr/share/texmf-dist/tex/latex/tkz-euclide/tkz-draw-eu-angles.tex
2026/01/25 5.13c tkz-tool-eu-angles.tex
) (/usr/share/texmf-dist/tex/latex/tkz-euclide/tkz-draw-eu-sectors.tex
2026/01/25 5.13c tkz-obj-eu-sectors.tex
) (/usr/share/texmf-dist/tex/latex/tkz-euclide/tkz-draw-eu-compass.tex
2026/01/25 5.13c tkz-obj-eu-compass.tex
) (/usr/share/texmf-dist/tex/latex/tkz-euclide/tkz-draw-eu-show.tex
2026/01/25 5.13c tkz-obj-eu-show.tex
) (/usr/share/texmf-dist/tex/latex/tkz-euclide/tkz-draw-eu-protractor.tex
2026/01/25 5.13c tkz-obj-eu-protractor.tex
)) (/usr/share/texmf-dist/tex/latex/geometry/geometry.sty
Package: geometry 2020/01/02 v5.9 Page Geometry
 (/usr/share/texmf-dist/tex/generic/iftex/ifvtex.sty
Package: ifvtex 2019/10/25 v1.7 ifvtex legacy package. Use iftex instead.
)
\Gm@cnth=\count349
\Gm@cntv=\count350
\c@Gm@tempcnt=\count351
\Gm@bindingoffset=\dimen328
\Gm@wd@mp=\dimen329
\Gm@odd@mp=\dimen330
\Gm@even@mp=\dimen331
\Gm@layoutwidth=\dimen332
\Gm@layoutheight=\dimen333
\Gm@layouthoffset=\dimen334
\Gm@layoutvoffset=\dimen335
\Gm@dimlist=\toks44
) (../math-defs.tex (/usr/share/texmf-dist/tex/latex/qrcode/qrcode.sty
Package: qrcode 2015/01/08 v1.51 QR code generation
 (/usr/share/texmf-dist/tex/latex/xkeyval/xkeyval.sty
Package: xkeyval 2025/11/04 v2.10 package option processing (HA)
 (/usr/share/texmf-dist/tex/generic/xkeyval/xkeyval.tex (/usr/share/texmf-dist/tex/generic/xkeyval/xkvutils.tex
\XKV@toks=\toks45
\XKV@tempa@toks=\toks46
\XKV@tempb@toks=\toks47
)
\XKV@depth=\count352
File: xkeyval.tex 2014/12/03 v2.7a key=value parser (HA)
))
\c@qr@i=\count353
\c@qr@j=\count354
\qr@a=\count355
\qr@b=\count356
\qr@c=\count357
\qr@for@depth=\count358
\qr@for@maxdepth=\count359
\qr@for@start=\count360
\qr@for@end=\count361
\qr@for@step=\count362
\qr@newforcount=\count363
\qr@newforcount=\count364
\qr@desiredheight=\skip66
\qr@modulesize=\skip67
\qr@minipagewidth=\skip68
\c@maski=\count365
\c@maskj=\count366
\c@totalones=\count367
\c@penaltyi=\count368
\c@penaltyii=\count369
\c@penaltyiii=\count370
\c@penaltyiv=\count371
\c@qr@hexchars=\count372
\qr@newforcount=\count373
\c@qr@divisionsremaining=\count374
) (/usr/share/texmf-dist/tex/latex/amscls/amsthm.sty
Package: amsthm 2020/05/29 v2.20.6
\thm@style=\toks48
\thm@bodyfont=\toks49
\thm@headfont=\toks50
\thm@notefont=\toks51
\thm@headpunct=\toks52
\thm@preskip=\skip69
\thm@postskip=\skip70
\thm@headsep=\skip71
\dth@everypar=\toks53
) (/usr/share/texmf-dist/tex/latex/thmtools/thmtools.sty
Package: thmtools 2023/05/04 v0.76
\thmt@toks=\toks54
\c@thmt@dummyctr=\count375
 (/usr/share/texmf-dist/tex/latex/thmtools/thm-patch.sty
Package: thm-patch 2023/05/04 v0.76
 (/usr/share/texmf-dist/tex/latex/thmtools/parseargs.sty
Package: parseargs 2023/05/04 v0.76
\@parsespec=\toks55
)) (/usr/share/texmf-dist/tex/latex/thmtools/thm-kv.sty
Package: thm-kv 2023/05/04 v0.76
Package thm-kv Info: Theorem names will be uppercased on input line 42.
 (/usr/share/texmf-dist/tex/latex/kvsetkeys/kvsetkeys.sty
Package: kvsetkeys 2022-10-05 v1.19 Key value parser (HO)
)
Package thm-kv Info: kvsetkeys patch (v1.16 or later) on input line 158.
) (/usr/share/texmf-dist/tex/latex/thmtools/thm-autoref.sty
Package: thm-autoref 2023/05/04 v0.76
 (/usr/share/texmf-dist/tex/latex/thmtools/aliasctr.sty
Package: aliasctr 2023/05/04 v0.76
)) (/usr/share/texmf-dist/tex/latex/thmtools/thm-listof.sty
Package: thm-listof 2023/05/04 v0.76
) (/usr/share/texmf-dist/tex/latex/thmtools/thm-restate.sty
Package: thm-restate 2023/05/04 v0.76
) (/usr/share/texmf-dist/tex/latex/thmtools/thm-amsthm.sty
Package: thm-amsthm 2023/05/04 v0.76
\thmt@style@headstyle=\toks56
)) (/usr/share/texmf-dist/tex/generic/pgf/frontendlayer/tikz/libraries/tikzlibraryfit.code.tex
File: tikzlibraryfit.code.tex 2025-08-29 v3.1.11a (3.1.11a)
) (/usr/share/texmf-dist/tex/generic/pgf/frontendlayer/tikz/libraries/tikzlibraryshapes.geometric.code.tex
File: tikzlibraryshapes.geometric.code.tex 2025-08-29 v3.1.11a (3.1.11a)
 (/usr/share/texmf-dist/tex/generic/pgf/libraries/shapes/pgflibraryshapes.geometric.code.tex
File: pgflibraryshapes.geometric.code.tex 2025-08-29 v3.1.11a (3.1.11a)
)) (/usr/share/texmf-dist/tex/latex/tools/array.sty
Package: array 2025/09/25 v2.6n Tabular extension package (FMi)
\col@sep=\dimen336
\ar@mcellbox=\box78
\extrarowheight=\dimen337
\NC@list=\toks57
\extratabsurround=\skip72
\backup@length=\skip73
\ar@cellbox=\box79
) (/usr/share/texmf-dist/tex/latex/tcolorbox/tcolorbox.sty
Package: tcolorbox 2025/11/28 version 6.9.0 text color boxes
 (/usr/share/texmf-dist/tex/latex/tools/verbatim.sty
Package: verbatim 2024-01-22 v1.5x LaTeX2e package for verbatim enhancements
\every@verbatim=\toks58
\verbatim@line=\toks59
\verbatim@in@stream=\read3
) (/usr/share/texmf-dist/tex/latex/environ/environ.sty
Package: environ 2014/05/04 v0.3 A new way to define environments
 (/usr/share/texmf-dist/tex/latex/trimspaces/trimspaces.sty
Package: trimspaces 2009/09/17 v1.1 Trim spaces around a token list
))
\tcb@titlebox=\box80
\tcb@upperbox=\box81
\tcb@lowerbox=\box82
\tcb@phantombox=\box83
\c@tcbbreakpart=\count376
\c@tcblayer=\count377
\c@tcolorbox@number=\count378
\l__tcobox_tmpa_box=\box84
\l__tcobox_tmpa_dim=\dimen338
\tcb@temp=\box85
\tcb@temp=\box86
\tcb@temp=\box87
\tcb@temp=\box88
) (/usr/share/texmf-dist/tex/latex/tcolorbox/tcbtheorems.code.tex
Library (tcolorbox): 'tcbtheorems.code.tex' version '6.9.0'
)
\c@tcb@cnt@defn=\count379
\c@tcb@cnt@thm=\count380
) (/usr/share/texmf-dist/tex/latex/exercise/exercise.sty
Package: exercise 2014/10/20 v1.6 Exercise package (P.Pichaureau)
\ExerciseSkipBefore=\skip74
\ExerciseSkipAfter=\skip75
\AnswerSkipBefore=\skip76
\AnswerSkipAfter=\skip77
\Exesep=\skip78
\Exetopsep=\skip79
\Exeparsep=\skip80
\Exepartopsep=\skip81
\Exeleftmargin=\skip82
\Exerightmargin=\skip83
\Exelabelwidth=\skip84
\Exelabelsep=\skip85
\ExerciseBefore=\skip86
\QuestionBefore=\skip87
\subQuestionBefore=\skip88
\subsubQuestionBefore=\skip89
\QuestionIndent=\skip90
\subQuestionIndent=\skip91
\subsubQuestionIndent=\skip92
\c@Exercise=\count381
\c@Answer=\count382
\c@ExePart=\count383
\c@Question=\count384
\c@subQuestion=\count385
\c@subsubQuestion=\count386
\c@savedQuestion=\count387
\c@savedsubQuestion=\count388
\c@savedsubsubQuestion=\count389
\@QuestionLevel=\count390
\@Exercisebox=\box89
\all@Exercisebox=\box90
\temp@Exercisebox=\box91
\all@Answerbox=\box92
\temp@Answerbox=\box93
\ExerciseDifficulty=\count391
\QuestionDifficulty=\count392
\subQuestionDifficulty=\count393
\subsubQuestionDifficulty=\count394
\ExePartDifficulty=\count395
\@Answerbox=\box94
\colonnesLevel=\count396
\tempskipa=\skip93
\tempskipb=\skip94
\@savedmathindent=\skip95
) (/usr/share/texmf-dist/tex/latex/totcount/totcount.sty
Package: totcount 2011/01/25 v1.2 package for gettingthe total value of LaTeX counters
)
\c@Exercise@totc=\count397
 (/usr/share/texmf-dist/tex/latex/chngcntr/chngcntr.sty
Package: chngcntr 2018/04/09 v1.1a change counter resetting
Package chngcntr Info: \counterwithout already defined.
(chngcntr)             Quitting chngcntr on input line 21.
) (/usr/share/texmf-dist/tex/latex/xassoccnt/xassoccnt.sty
Package: xassoccnt 2021/11/21 - v2.0
 (/usr/share/texmf-dist/tex/latex/letltxmacro/letltxmacro.sty
Package: letltxmacro 2019/12/03 v1.6 Let assignment for LaTeX macros (HO)
) (/usr/share/texmf-dist/tex/latex/l3packages/l3keys2e/l3keys2e.sty
Package: l3keys2e 2025-10-09 LaTeX2e option processing using LaTeX3 keys
)
\g__xassoccnt_tmpa_int=\count398
\l__xassoccnt_tmpa_int=\count399
\l__xassoccnt_initialcountervalue_int=\count400
\g__xassoccnt_lastcountervalue_int=\count401
\g__xassoccnt_backupcalls_int=\count402
\l__xassoccnt_backuptmpa_int=\count403
\l_xassoccnt_resetlist_counter=\count404
)
Package xassoccnt Info: 2021/11/21-v2.0--steppingcounterssimultaneouslyandotherfeatures on input line 56.


Package xassoccnt Warning: Warning: Package "calc" is loaded -- this is not
(xassoccnt)                recommended for xassoccnt
(xassoccnt)                

\c@totalex=\count405
\c@xassoccnt@total@totalex=\count406
(/usr/share/texmf-dist/tex/latex/titleref/titleref.sty
Package: titleref 2001/04/05 v3.1  Cross-references with titles.
) (/usr/share/texmf-dist/tex/latex/hyperref/hyperref.sty
Package: hyperref 2026-01-29 v7.01p Hypertext links for LaTeX
 (/usr/share/texmf-dist/tex/generic/kvdefinekeys/kvdefinekeys.sty
Package: kvdefinekeys 2019-12-19 v1.6 Define keys (HO)
) (/usr/share/texmf-dist/tex/generic/pdfescape/pdfescape.sty
Package: pdfescape 2019/12/09 v1.15 Implements pdfTeX's escape features (HO)
 (/usr/share/texmf-dist/tex/generic/ltxcmds/ltxcmds.sty
Package: ltxcmds 2023-12-04 v1.26 LaTeX kernel commands for general use (HO)
) (/usr/share/texmf-dist/tex/generic/pdftexcmds/pdftexcmds.sty
Package: pdftexcmds 2020-06-27 v0.33 Utility functions of pdfTeX for LuaTeX (HO)
 (/usr/share/texmf-dist/tex/generic/infwarerr/infwarerr.sty
Package: infwarerr 2019/12/03 v1.5 Providing info/warning/error messages (HO)
)
Package pdftexcmds Info: \pdf@primitive is available.
Package pdftexcmds Info: \pdf@ifprimitive is available.
Package pdftexcmds Info: \pdfdraftmode found.
)) (/usr/share/texmf-dist/tex/latex/hycolor/hycolor.sty
Package: hycolor 2020-01-27 v1.10 Color options for hyperref/bookmark (HO)
) (/usr/share/texmf-dist/tex/latex/hyperref/nameref.sty
Package: nameref 2026-01-29 v2.58 Cross-referencing by name of section
 (/usr/share/texmf-dist/tex/latex/refcount/refcount.sty
Package: refcount 2019/12/15 v3.6 Data extraction from label references (HO)
) (/usr/share/texmf-dist/tex/generic/gettitlestring/gettitlestring.sty
Package: gettitlestring 2019/12/15 v1.6 Cleanup title references (HO)
 (/usr/share/texmf-dist/tex/latex/kvoptions/kvoptions.sty
Package: kvoptions 2022-06-15 v3.15 Key value format for package options (HO)
))

Package nameref Warning: The definition of \label has changed! 
(nameref)                Check your packages! 
(nameref)                Replacing it with the kernel definition on input line 161.

\c@section@level=\count407
) (/usr/share/texmf-dist/tex/generic/stringenc/stringenc.sty
Package: stringenc 2019/11/29 v1.12 Convert strings between diff. encodings (HO)
)
\@linkdim=\dimen339
\Hy@linkcounter=\count408
\Hy@pagecounter=\count409
 (/usr/share/texmf-dist/tex/latex/hyperref/pd1enc.def
File: pd1enc.def 2026-01-29 v7.01p Hyperref: PDFDocEncoding definition (HO)
Now handling font encoding PD1 ...
... no UTF-8 mapping file for font encoding PD1
) (/usr/share/texmf-dist/tex/generic/intcalc/intcalc.sty
Package: intcalc 2019/12/15 v1.3 Expandable calculations with integers (HO)
)
\Hy@SavedSpaceFactor=\count410
 (/usr/share/texmf-dist/tex/latex/hyperref/puenc.def
File: puenc.def 2026-01-29 v7.01p Hyperref: PDF Unicode definition (HO)
Now handling font encoding PU ...
... no UTF-8 mapping file for font encoding PU
)
Package hyperref Info: Hyper figures OFF on input line 4201.
Package hyperref Info: Link nesting OFF on input line 4206.
Package hyperref Info: Hyper index ON on input line 4209.
Package hyperref Info: Plain pages OFF on input line 4216.
Package hyperref Info: Backreferencing OFF on input line 4221.
Package hyperref Info: Implicit mode ON; LaTeX internals redefined.
Package hyperref Info: Bookmarks ON on input line 4468.
\c@Hy@tempcnt=\count411
 (/usr/share/texmf-dist/tex/latex/url/url.sty
\Urlmuskip=\muskip18
Package: url 2013/09/16  ver 3.4  Verb mode for urls, etc.
)
LaTeX Info: Redefining \url on input line 4807.
\XeTeXLinkMargin=\dimen340
 (/usr/share/texmf-dist/tex/generic/bitset/bitset.sty
Package: bitset 2019/12/09 v1.3 Handle bit-vector datatype (HO)
 (/usr/share/texmf-dist/tex/generic/bigintcalc/bigintcalc.sty
Package: bigintcalc 2019/12/15 v1.5 Expandable calculations on big integers (HO)
))
\Fld@menulength=\count412
\Field@Width=\dimen341
\Fld@charsize=\dimen342
Package hyperref Info: Hyper figures OFF on input line 6084.
Package hyperref Info: Link nesting OFF on input line 6089.
Package hyperref Info: Hyper index ON on input line 6092.
Package hyperref Info: backreferencing OFF on input line 6099.
Package hyperref Info: Link coloring OFF on input line 6104.
Package hyperref Info: Link coloring with OCG OFF on input line 6109.
Package hyperref Info: PDF/A mode OFF on input line 6114.
\Hy@abspage=\count413
\c@Item=\count414
\c@Hfootnote=\count415
)
Package hyperref Info: Driver (autodetected): hpdftex.
 (/usr/share/texmf-dist/tex/latex/hyperref/hpdftex.def
File: hpdftex.def 2026-01-29 v7.01p Hyperref driver for pdfTeX
\Fld@listcount=\count416
\c@bookmark@seq@number=\count417
 (/usr/share/texmf-dist/tex/latex/rerunfilecheck/rerunfilecheck.sty
Package: rerunfilecheck 2025-06-21 v1.11 Rerun checks for auxiliary files (HO)
 (/usr/share/texmf-dist/tex/generic/uniquecounter/uniquecounter.sty
Package: uniquecounter 2019/12/15 v1.4 Provide unlimited unique counter (HO)
)
Package uniquecounter Info: New unique counter `rerunfilecheck' on input line 284.
)
\Hy@SectionHShift=\skip96
) (./trigonometric.aux)
\openout1 = `trigonometric.aux'.

LaTeX Font Info:    Checking defaults for OML/cmm/m/it on input line 77.
LaTeX Font Info:    ... okay on input line 77.
LaTeX Font Info:    Checking defaults for OMS/cmsy/m/n on input line 77.
LaTeX Font Info:    ... okay on input line 77.
LaTeX Font Info:    Checking defaults for OT1/cmr/m/n on input line 77.
LaTeX Font Info:    ... okay on input line 77.
LaTeX Font Info:    Checking defaults for T1/cmr/m/n on input line 77.
LaTeX Font Info:    ... okay on input line 77.
LaTeX Font Info:    Checking defaults for TS1/cmr/m/n on input line 77.
LaTeX Font Info:    ... okay on input line 77.
LaTeX Font Info:    Checking defaults for OMX/cmex/m/n on input line 77.
LaTeX Font Info:    ... okay on input line 77.
LaTeX Font Info:    Checking defaults for U/cmr/m/n on input line 77.
LaTeX Font Info:    ... okay on input line 77.
LaTeX Font Info:    Checking defaults for PD1/pdf/m/n on input line 77.
LaTeX Font Info:    ... okay on input line 77.
LaTeX Font Info:    Checking defaults for PU/pdf/m/n on input line 77.
LaTeX Font Info:    ... okay on input line 77.
Package caption Info: Begin \AtBeginDocument code.
Package caption Info: hyperref package is loaded.
Package caption Info: End \AtBeginDocument code.
 (/usr/share/texmf-dist/tex/context/base/mkii/supp-pdf.mkii
[Loading MPS to PDF converter (version 2006.09.02).]
\scratchcounter=\count418
\scratchdimen=\dimen343
\scratchbox=\box95
\nofMPsegments=\count419
\nofMParguments=\count420
\everyMPshowfont=\toks60
\MPscratchCnt=\count421
\MPscratchDim=\dimen344
\MPnumerator=\count422
\makeMPintoPDFobject=\count423
\everyMPtoPDFconversion=\toks61
) (/usr/share/texmf-dist/tex/latex/epstopdf-pkg/epstopdf-base.sty
Package: epstopdf-base 2020-01-24 v2.11 Base part for package epstopdf
Package epstopdf-base Info: Redefining graphics rule for `.eps' on input line 485.
 (/usr/share/texmf-dist/tex/latex/latexconfig/epstopdf-sys.cfg
File: epstopdf-sys.cfg 2010/07/13 v1.3 Configuration of (r)epstopdf for TeX Live
)) (/usr/share/texmf-dist/tex/latex/pdflscape/pdflscape.sty
Package: pdflscape 2025-06-23 v0.14 Display of landscape pages in PDF
 (/usr/share/texmf-dist/tex/latex/pdflscape/pdflscape-nometadata.sty
Package: pdflscape-nometadata 2025-06-23 v0.14 Display of landscape pages in PDF (HO)
 (/usr/share/texmf-dist/tex/latex/graphics/lscape.sty
Package: lscape 2020/05/28 v3.02 Landscape Pages (DPC)
)
Package pdflscape Info: Auto-detected driver: pdftex on input line 81.
))
Package pgfplots notification 'compat/show suggested version=true': you might benefit from \pgfplotsset{compat=1.18} (current compat level: 1.17).

*geometry* driver: auto-detecting
*geometry* detected driver: pdftex
*geometry* verbose mode - [ preamble ] result:
* driver: pdftex
* paper: a4paper
* layout: <same size as paper>
* layoutoffset:(h,v)=(0.0pt,0.0pt)
* modes: twoside 
* h-part:(L,W,R)=(36.135pt, 525.23788pt, 36.135pt)
* v-part:(T,H,B)=(36.135pt, 772.77686pt, 36.135pt)
* \paperwidth=597.50787pt
* \paperheight=845.04684pt
* \textwidth=525.23788pt
* \textheight=772.77686pt
* \oddsidemargin=-36.135pt
* \evensidemargin=-36.135pt
* \topmargin=-68.00879pt
* \headheight=12.0pt
* \headsep=19.8738pt
* \topskip=12.0pt
* \footskip=14.22636pt
* \marginparwidth=98.0pt
* \marginparsep=7.0pt
* \columnsep=10.0pt
* \skip\footins=10.8pt plus 4.0pt minus 2.0pt
* \hoffset=0.0pt
* \voffset=0.0pt
* \mag=1000
* \@twocolumnfalse
* \@twosidetrue
* \@mparswitchtrue
* \@reversemarginfalse
* (1in=72.27pt=25.4mm, 1cm=28.453pt)

Package hyperref Info: Link coloring OFF on input line 77.
(./trigonometric.out) (./trigonometric.out)
\@outlinefile=\write4
\openout4 = `trigonometric.out'.

 [1

{/var/lib/texmf/fonts/map/pdftex/updmap/pdftex.map}]
Underfull \hbox (badness 10000) in paragraph at lines 98--106

 []


pdfTeX warning (ext4): destination with the same identifier (name{page.1}) has been already used, duplicate ignored
<to be read again> 
                   \relax 
l.106 \chapter
              {SOH CAH TOA} [1


] [2

]
Chapter 1.
LaTeX Font Info:    Trying to load font information for U+msa on input line 111.
(/usr/share/texmf-dist/tex/latex/amsfonts/umsa.fd
File: umsa.fd 2013/01/14 v3.01 AMS symbols A
)
LaTeX Font Info:    Trying to load font information for U+msb on input line 111.
 (/usr/share/texmf-dist/tex/latex/amsfonts/umsb.fd
File: umsb.fd 2013/01/14 v3.01 AMS symbols B
) [3] [4

] [5

] [6

]
Chapter 2.
[7] [8

]
Package hyperref Info: bookmark level for unknown exercise defaults to 0 on input line 255.


Package tasks Warning: The width of `label-width' is too small on line 255.
(tasks)                Please set it at least to 11.0971pt.


Package tasks Warning: The width of `label-width' is too small on line 255.
(tasks)                Please set it at least to 11.0971pt.


Package tasks Warning: The width of `label-width' is too small on line 255.
(tasks)                Please set it at least to 11.0971pt.


Package tasks Warning: The width of `label-width' is too small on line 274.
(tasks)                Please set it at least to 11.0971pt.


Package tasks Warning: The width of `label-width' is too small on line 274.
(tasks)                Please set it at least to 11.0971pt.

(./figures/std450.pdf_tex
<./figures/std450.pdf, id=78, page=1, 175.80653pt x 175.80653pt>
File: ./figures/std450.pdf Graphic file (type pdf)
<use ./figures/std450.pdf, page 1>
Package pdftex.def Info: ./figures/std450.pdf , page1 used on input line 56.
(pdftex.def)             Requested size: 100.89755pt x 100.89749pt.
)

Package tasks Warning: The width of `label-width' is too small on line 274.
(tasks)                Please set it at least to 11.0971pt.

(./figures/std-730.pdf_tex
<./figures/std-730.pdf, id=79, page=1, 177.17268pt x 175.80653pt>
File: ./figures/std-730.pdf Graphic file (type pdf)
<use ./figures/std-730.pdf, page 1>
Package pdftex.def Info: ./figures/std-730.pdf , page1 used on input line 56.
(pdftex.def)             Requested size: 100.89755pt x 100.11954pt.
) (./figures/std3645.pdf_tex
<./figures/std3645.pdf, id=80, page=1, 175.80653pt x 175.80653pt>
File: ./figures/std3645.pdf Graphic file (type pdf)
<use ./figures/std3645.pdf, page 1>
Package pdftex.def Info: ./figures/std3645.pdf , page1 used on input line 56.
(pdftex.def)             Requested size: 100.89755pt x 100.89749pt.
)

Package tasks Warning: The width of `label-width' is too small on line 285.
(tasks)                Please set it at least to 11.0971pt.


Package tasks Warning: The width of `label-width' is too small on line 285.
(tasks)                Please set it at least to 11.0971pt.


Package tasks Warning: The width of `label-width' is too small on line 295.
(tasks)                Please set it at least to 11.0971pt.


Package tasks Warning: The width of `label-width' is too small on line 295.
(tasks)                Please set it at least to 11.0971pt.


Package tasks Warning: The width of `label-width' is too small on line 310.
(tasks)                Please set it at least to 11.0971pt.


Package tasks Warning: The width of `label-width' is too small on line 310.
(tasks)                Please set it at least to 11.0971pt.


Package tasks Warning: The width of `label-width' is too small on line 310.
(tasks)                Please set it at least to 11.0971pt.


Package tasks Warning: The width of `label-width' is too small on line 324.
(tasks)                Please set it at least to 11.0971pt.


Package tasks Warning: The width of `label-width' is too small on line 324.
(tasks)                Please set it at least to 11.0971pt.


Package tasks Warning: The width of `label-width' is too small on line 324.
(tasks)                Please set it at least to 11.0971pt.


Package tasks Warning: The width of `label-width' is too small on line 333.
(tasks)                Please set it at least to 11.0971pt.


Package tasks Warning: The width of `label-width' is too small on line 333.
(tasks)                Please set it at least to 11.0971pt.


Package tasks Warning: The width of `label-width' is too small on line 341.
(tasks)                Please set it at least to 11.0971pt.


Package tasks Warning: The width of `label-width' is too small on line 341.
(tasks)                Please set it at least to 11.0971pt.

(./figures/wiper-blade.pdf_tex
<./figures/wiper-blade.pdf, id=81, page=1, 192.33046pt x 69.90314pt>
File: ./figures/wiper-blade.pdf Graphic file (type pdf)
<use ./figures/wiper-blade.pdf, page 1>
Package pdftex.def Info: ./figures/wiper-blade.pdf , page1 used on input line 56.
(pdftex.def)             Requested size: 210.09193pt x 76.35928pt.
)
Underfull \hbox (badness 10000) in paragraph at lines 373--373

 []

<figures/trees.png, id=82, 750.55406pt x 567.62062pt>
File: figures/trees.png Graphic file (type png)
<use figures/trees.png>
Package pdftex.def Info: figures/trees.png  used on input line 373.
(pdftex.def)             Requested size: 216.81pt x 163.96483pt.

Package tasks Warning: The width of `label-width' is too small on line 373.
(tasks)                Please set it at least to 11.0971pt.


Package tasks Warning: The width of `label-width' is too small on line 387.
(tasks)                Please set it at least to 11.0971pt.


Underfull \vbox (badness 10000) has occurred while \output is active []

 [9


]
Underfull \vbox (badness 10000) has occurred while \output is active []

 [10] [11 <./figures/trees.png>] [12

]
Chapter 3.
[13] [14

] [15

]
pdfTeX warning (ext4): destination with the same identifier (name{Exercise.1}) has been already used, duplicate ignored
<to be read again> 
                   \relax 
l.425 }
        (./figures/term43.pdf_tex
<./figures/term43.pdf, id=155, page=1, 146.72017pt x 136.4178pt>
File: ./figures/term43.pdf Graphic file (type pdf)
<use ./figures/term43.pdf, page 1>
Package pdftex.def Info: ./figures/term43.pdf , page1 used on input line 56.
(pdftex.def)             Requested size: 163.09625pt x 151.64409pt.
<./figures/term43.pdf, id=156, page=2, 146.72017pt x 136.4178pt>
File: ./figures/term43.pdf Graphic file (type pdf)
<use ./figures/term43.pdf, page 2>
Package pdftex.def Info: ./figures/term43.pdf , page2 used on input line 59.
(pdftex.def)             Requested size: 163.09625pt x 151.64409pt.
<./figures/term43.pdf, id=157, page=3, 146.72017pt x 136.4178pt>
File: ./figures/term43.pdf Graphic file (type pdf)
<use ./figures/term43.pdf, page 3>
Package pdftex.def Info: ./figures/term43.pdf , page3 used on input line 61.
(pdftex.def)             Requested size: 163.09625pt x 151.64409pt.
)

Package tasks Warning: The width of `label-width' is too small on line 425.
(tasks)                Please set it at least to 11.0971pt.

(./figures/term-25.pdf_tex
<./figures/term-25.pdf, id=158, page=1, 146.72017pt x 136.4178pt>
File: ./figures/term-25.pdf Graphic file (type pdf)
<use ./figures/term-25.pdf, page 1>
Package pdftex.def Info: ./figures/term-25.pdf , page1 used on input line 56.
(pdftex.def)             Requested size: 163.09625pt x 151.64409pt.
<./figures/term-25.pdf, id=159, page=2, 146.72017pt x 136.4178pt>
File: ./figures/term-25.pdf Graphic file (type pdf)
<use ./figures/term-25.pdf, page 2>
Package pdftex.def Info: ./figures/term-25.pdf , page2 used on input line 59.
(pdftex.def)             Requested size: 163.09625pt x 151.64409pt.
<./figures/term-25.pdf, id=160, page=3, 146.72017pt x 136.4178pt>
File: ./figures/term-25.pdf Graphic file (type pdf)
<use ./figures/term-25.pdf, page 3>
Package pdftex.def Info: ./figures/term-25.pdf , page3 used on input line 61.
(pdftex.def)             Requested size: 163.09625pt x 151.64409pt.
) (./figures/term-1-sqrt3.pdf_tex
<./figures/term-1-sqrt3.pdf, id=161, page=1, 146.72017pt x 136.4178pt>
File: ./figures/term-1-sqrt3.pdf Graphic file (type pdf)
<use ./figures/term-1-sqrt3.pdf, page 1>
Package pdftex.def Info: ./figures/term-1-sqrt3.pdf , page1 used on input line 56.
(pdftex.def)             Requested size: 203.86955pt x 189.55356pt.
<./figures/term-1-sqrt3.pdf, id=162, page=2, 146.72017pt x 136.4178pt>
File: ./figures/term-1-sqrt3.pdf Graphic file (type pdf)
<use ./figures/term-1-sqrt3.pdf, page 2>
Package pdftex.def Info: ./figures/term-1-sqrt3.pdf , page2 used on input line 59.
(pdftex.def)             Requested size: 203.86955pt x 189.55356pt.
<./figures/term-1-sqrt3.pdf, id=163, page=3, 146.72017pt x 136.4178pt>
File: ./figures/term-1-sqrt3.pdf Graphic file (type pdf)
<use ./figures/term-1-sqrt3.pdf, page 3>
Package pdftex.def Info: ./figures/term-1-sqrt3.pdf , page3 used on input line 61.
(pdftex.def)             Requested size: 203.86955pt x 189.55356pt.
)

Package tasks Warning: The width of `label-width' is too small on line 425.
(tasks)                Please set it at least to 11.0971pt.

(./figures/term2-sqrt5.pdf_tex
<./figures/term2-sqrt5.pdf, id=164, page=1, 146.72017pt x 136.4178pt>
File: ./figures/term2-sqrt5.pdf Graphic file (type pdf)
<use ./figures/term2-sqrt5.pdf, page 1>
Package pdftex.def Info: ./figures/term2-sqrt5.pdf , page1 used on input line 56.
(pdftex.def)             Requested size: 203.86955pt x 189.55356pt.
<./figures/term2-sqrt5.pdf, id=165, page=2, 146.72017pt x 136.4178pt>
File: ./figures/term2-sqrt5.pdf Graphic file (type pdf)
<use ./figures/term2-sqrt5.pdf, page 2>
Package pdftex.def Info: ./figures/term2-sqrt5.pdf , page2 used on input line 59.
(pdftex.def)             Requested size: 203.86955pt x 189.55356pt.
<./figures/term2-sqrt5.pdf, id=166, page=3, 146.72017pt x 136.4178pt>
File: ./figures/term2-sqrt5.pdf Graphic file (type pdf)
<use ./figures/term2-sqrt5.pdf, page 3>
Package pdftex.def Info: ./figures/term2-sqrt5.pdf , page3 used on input line 61.
(pdftex.def)             Requested size: 203.86955pt x 189.55356pt.
) (./figures/term-30.pdf_tex
<./figures/term-30.pdf, id=167, page=1, 146.72017pt x 136.4178pt>
File: ./figures/term-30.pdf Graphic file (type pdf)
<use ./figures/term-30.pdf, page 1>
Package pdftex.def Info: ./figures/term-30.pdf , page1 used on input line 56.
(pdftex.def)             Requested size: 203.86955pt x 189.55356pt.
<./figures/term-30.pdf, id=168, page=2, 146.72017pt x 136.4178pt>
File: ./figures/term-30.pdf Graphic file (type pdf)
<use ./figures/term-30.pdf, page 2>
Package pdftex.def Info: ./figures/term-30.pdf , page2 used on input line 59.
(pdftex.def)             Requested size: 203.86955pt x 189.55356pt.
<./figures/term-30.pdf, id=169, page=3, 146.72017pt x 136.4178pt>
File: ./figures/term-30.pdf Graphic file (type pdf)
<use ./figures/term-30.pdf, page 3>
Package pdftex.def Info: ./figures/term-30.pdf , page3 used on input line 61.
(pdftex.def)             Requested size: 203.86955pt x 189.55356pt.
) (./figures/term0-2.pdf_tex
<./figures/term0-2.pdf, id=170, page=1, 146.72017pt x 136.4178pt>
File: ./figures/term0-2.pdf Graphic file (type pdf)
<use ./figures/term0-2.pdf, page 1>
Package pdftex.def Info: ./figures/term0-2.pdf , page1 used on input line 56.
(pdftex.def)             Requested size: 203.86955pt x 189.55356pt.
<./figures/term0-2.pdf, id=171, page=2, 146.72017pt x 136.4178pt>
File: ./figures/term0-2.pdf Graphic file (type pdf)
<use ./figures/term0-2.pdf, page 2>
Package pdftex.def Info: ./figures/term0-2.pdf , page2 used on input line 59.
(pdftex.def)             Requested size: 203.86955pt x 189.55356pt.
<./figures/term0-2.pdf, id=172, page=3, 146.72017pt x 136.4178pt>
File: ./figures/term0-2.pdf Graphic file (type pdf)
<use ./figures/term0-2.pdf, page 3>
Package pdftex.def Info: ./figures/term0-2.pdf , page3 used on input line 61.
(pdftex.def)             Requested size: 203.86955pt x 189.55356pt.
)

Package tasks Warning: The width of `label-width' is too small on line 435.
(tasks)                Please set it at least to 11.0971pt.


Package tasks Warning: The width of `label-width' is too small on line 435.
(tasks)                Please set it at least to 11.0971pt.


pdfTeX warning (ext4): destination with the same identifier (name{Exercise.2}) has been already used, duplicate ignored
<to be read again> 
                   \relax 
l.476 }
       

Package tasks Warning: The width of `label-width' is too small on line 476.
(tasks)                Please set it at least to 11.0971pt.


Package tasks Warning: The width of `label-width' is too small on line 476.
(tasks)                Please set it at least to 11.0971pt.


Package tasks Warning: The width of `label-width' is too small on line 476.
(tasks)                Please set it at least to 11.0971pt.


Package tasks Warning: The width of `label-width' is too small on line 476.
(tasks)                Please set it at least to 14.36096pt.


Overfull \hbox (3.36096pt too wide) in paragraph at lines 476--476
\OT1/cmr/m/n/12 m)
 []


Package tasks Warning: The width of `label-width' is too small on line 476.
(tasks)                Please set it at least to 11.0971pt.


Package tasks Warning: The width of `label-width' is too small on line 476.
(tasks)                Please set it at least to 11.0971pt.


Package tasks Warning: The width of `label-width' is too small on line 498.
(tasks)                Please set it at least to 11.0971pt.


Package tasks Warning: The width of `label-width' is too small on line 498.
(tasks)                Please set it at least to 11.0971pt.


Package tasks Warning: The width of `label-width' is too small on line 498.
(tasks)                Please set it at least to 11.0971pt.


Package tasks Warning: The width of `label-width' is too small on line 498.
(tasks)                Please set it at least to 14.36096pt.


Overfull \hbox (3.36096pt too wide) in paragraph at lines 498--498
\OT1/cmr/m/n/12 m)
 []


Package tasks Warning: The width of `label-width' is too small on line 498.
(tasks)                Please set it at least to 11.0971pt.


Package tasks Warning: The width of `label-width' is too small on line 498.
(tasks)                Please set it at least to 11.0971pt.


pdfTeX warning (ext4): destination with the same identifier (name{Exercise.3}) has been already used, duplicate ignored
<to be read again> 
                   \relax 
l.519 }
       

Package tasks Warning: The width of `label-width' is too small on line 519.
(tasks)                Please set it at least to 11.0971pt.


Package tasks Warning: The width of `label-width' is too small on line 519.
(tasks)                Please set it at least to 11.0971pt.


Package tasks Warning: The width of `label-width' is too small on line 519.
(tasks)                Please set it at least to 11.0971pt.


Package tasks Warning: The width of `label-width' is too small on line 531.
(tasks)                Please set it at least to 11.0971pt.


Package tasks Warning: The width of `label-width' is too small on line 531.
(tasks)                Please set it at least to 11.0971pt.


Package tasks Warning: The width of `label-width' is too small on line 531.
(tasks)                Please set it at least to 11.0971pt.


pdfTeX warning (ext4): destination with the same identifier (name{Exercise.4}) has been already used, duplicate ignored
<to be read again> 
                   \relax 
l.560 }
       

Package tasks Warning: The width of `label-width' is too small on line 560.
(tasks)                Please set it at least to 11.0971pt.


Package tasks Warning: The width of `label-width' is too small on line 560.
(tasks)                Please set it at least to 11.0971pt.


Package tasks Warning: The width of `label-width' is too small on line 560.
(tasks)                Please set it at least to 11.0971pt.


Package tasks Warning: The width of `label-width' is too small on line 576.
(tasks)                Please set it at least to 11.0971pt.


Package tasks Warning: The width of `label-width' is too small on line 576.
(tasks)                Please set it at least to 11.0971pt.


Package tasks Warning: The width of `label-width' is too small on line 576.
(tasks)                Please set it at least to 11.0971pt.


pdfTeX warning (ext4): destination with the same identifier (name{Exercise.5}) has been already used, duplicate ignored
<to be read again> 
                   \relax 
l.605 }
       

Package tasks Warning: The width of `label-width' is too small on line 605.
(tasks)                Please set it at least to 11.0971pt.


Package tasks Warning: The width of `label-width' is too small on line 605.
(tasks)                Please set it at least to 11.0971pt.


Package tasks Warning: The width of `label-width' is too small on line 605.
(tasks)                Please set it at least to 11.0971pt.


Package tasks Warning: The width of `label-width' is too small on line 621.
(tasks)                Please set it at least to 11.0971pt.


Package tasks Warning: The width of `label-width' is too small on line 621.
(tasks)                Please set it at least to 11.0971pt.


Package tasks Warning: The width of `label-width' is too small on line 621.
(tasks)                Please set it at least to 11.0971pt.


pdfTeX warning (ext4): destination with the same identifier (name{Exercise.6}) has been already used, duplicate ignored
<to be read again> 
                   \relax 
l.637 }
       

Package tasks Warning: The width of `label-width' is too small on line 637.
(tasks)                Please set it at least to 11.0971pt.


pdfTeX warning (ext4): destination with the same identifier (name{Exercise.7}) has been already used, duplicate ignored
<to be read again> 
                   \relax 
l.641 }
       

Package tasks Warning: The width of `label-width' is too small on line 661.
(tasks)                Please set it at least to 11.0971pt.

<figures/circularicon.png, id=173, 665.48625pt x 602.25pt>
File: figures/circularicon.png Graphic file (type png)
<use figures/circularicon.png>
Package pdftex.def Info: figures/circularicon.png  used on input line 661.
(pdftex.def)             Requested size: 180.67499pt x 163.50105pt.

Package tasks Warning: The width of `label-width' is too small on line 667.
(tasks)                Please set it at least to 11.0971pt.

<figures/pyth-circle.png, id=175, 566.86781pt x 566.86781pt>
File: figures/pyth-circle.png Graphic file (type png)
<use figures/pyth-circle.png>
Package pdftex.def Info: figures/pyth-circle.png  used on input line 673.
(pdftex.def)             Requested size: 144.54pt x 144.53639pt.

Underfull \vbox (badness 10000) has occurred while \output is active []

 [16

 <./figures/term43.pdf> <./figures/term43.pdf> <./figures/term43.pdf> <./figures/term-25.pdf> <./figures/term-25.pdf> <./figures/term-25.pdf> <./figures/term-1-sqrt3.pdf> <./figures/term-1-sqrt3.pdf> <./figures/term-1-sqrt3.pdf> <./figures/term2-sqrt5.pdf> <./figures/term2-sqrt5.pdf> <./figures/term2-sqrt5.pdf> <./figures/term-30.pdf> <./figures/term-30.pdf> <./figures/term-30.pdf> <./figures/term0-2.pdf> <./figures/term0-2.pdf> <./figures/term0-2.pdf>]
Underfull \vbox (badness 10000) has occurred while \output is active []

 [17]
Underfull \vbox (badness 10000) has occurred while \output is active []

 [18]
Underfull \vbox (badness 10000) has occurred while \output is active []

 [19]
Underfull \vbox (badness 10000) has occurred while \output is active []

 [20] [21 <./figures/pyth-circle.png> <./figures/circularicon.png>] [22

]
Chapter 4.

Underfull \hbox (badness 10000) in paragraph at lines 691--697

 []

[23]
Underfull \vbox (badness 10000) has occurred while \output is active []

 [24

] [25] [26

] [27

] [28

]
pdfTeX warning (ext4): destination with the same identifier (name{Exercise.1}) has been already used, duplicate ignored
<to be read again> 
                   \relax 
l.740 ...easuring 10, 4, and 5 possible? Explain.}
                                                  
pdfTeX warning (ext4): destination with the same identifier (name{Exercise.2}) has been already used, duplicate ignored
<to be read again> 
                   \relax 
l.742 ... the shortest? What side is the longest?}
                                                  
pdfTeX warning (ext4): destination with the same identifier (name{Exercise.3}) has been already used, duplicate ignored
<to be read again> 
                   \relax 
l.784 }
       

Package tasks Warning: The width of `label-width' is too small on line 784.
(tasks)                Please set it at least to 11.0971pt.


Package tasks Warning: The width of `label-width' is too small on line 784.
(tasks)                Please set it at least to 11.0971pt.


Package tasks Warning: The width of `label-width' is too small on line 792.
(tasks)                Please set it at least to 11.0971pt.


Package tasks Warning: The width of `label-width' is too small on line 792.
(tasks)                Please set it at least to 11.0971pt.


pdfTeX warning (ext4): destination with the same identifier (name{Exercise.4}) has been already used, duplicate ignored
<to be read again> 
                   \relax 
l.809 }
       

Package tasks Warning: The width of `label-width' is too small on line 809.
(tasks)                Please set it at least to 11.0971pt.


Package tasks Warning: The width of `label-width' is too small on line 809.
(tasks)                Please set it at least to 11.0971pt.


Package tasks Warning: The width of `label-width' is too small on line 819.
(tasks)                Please set it at least to 11.0971pt.


Package tasks Warning: The width of `label-width' is too small on line 819.
(tasks)                Please set it at least to 11.0971pt.


pdfTeX warning (ext4): destination with the same identifier (name{Exercise.5}) has been already used, duplicate ignored
<to be read again> 
                   \relax 
l.836 }
        (./figures/triangle1.pdf_tex
<./figures/triangle1.pdf, id=303, page=1, 203.94356pt x 115.78078pt>
File: ./figures/triangle1.pdf Graphic file (type pdf)
<use ./figures/triangle1.pdf, page 1>
Package pdftex.def Info: ./figures/triangle1.pdf , page1 used on input line 56.
(pdftex.def)             Requested size: 163.09625pt x 92.59293pt.
)

Package tasks Warning: The width of `label-width' is too small on line 836.
(tasks)                Please set it at least to 11.0971pt.

(./figures/triangle2.pdf_tex
<./figures/triangle2.pdf, id=304, page=1, 189.46872pt x 133.80104pt>
File: ./figures/triangle2.pdf Graphic file (type pdf)
<use ./figures/triangle2.pdf, page 1>
Package pdftex.def Info: ./figures/triangle2.pdf , page1 used on input line 56.
(pdftex.def)             Requested size: 163.09625pt x 115.18506pt.
) (./figures/triangle3.pdf_tex
<./figures/triangle3.pdf, id=305, page=1, 200.52168pt x 142.34195pt>
File: ./figures/triangle3.pdf Graphic file (type pdf)
<use ./figures/triangle3.pdf, page 1>
Package pdftex.def Info: ./figures/triangle3.pdf , page1 used on input line 56.
(pdftex.def)             Requested size: 163.09625pt x 115.77634pt.
)

Package tasks Warning: The width of `label-width' is too small on line 836.
(tasks)                Please set it at least to 11.0971pt.

(./figures/triangle4.pdf_tex
<./figures/triangle4.pdf, id=306, page=1, 222.12509pt x 143.84918pt>
File: ./figures/triangle4.pdf Graphic file (type pdf)
<use ./figures/triangle4.pdf, page 1>
Package pdftex.def Info: ./figures/triangle4.pdf , page1 used on input line 56.
(pdftex.def)             Requested size: 163.09625pt x 105.62799pt.
)
Overfull \hbox (12.57181pt too wide) detected at line 886
 $[]$ 
 []


Package tasks Warning: The width of `label-width' is too small on line 886.
(tasks)                Please set it at least to 11.0971pt.


Package tasks Warning: The width of `label-width' is too small on line 886.
(tasks)                Please set it at least to 11.0971pt.


pdfTeX warning (ext4): destination with the same identifier (name{Exercise.6}) has been already used, duplicate ignored
<to be read again> 
                   \relax 
l.889 }
       
<figures/coastguard.png, id=307, 1002.74625pt x 400.49625pt>
File: figures/coastguard.png Graphic file (type png)
<use figures/coastguard.png>
Package pdftex.def Info: figures/coastguard.png  used on input line 889.
(pdftex.def)             Requested size: 216.81pt x 86.59389pt.

Underfull \vbox (badness 10000) has occurred while \output is active []

 [29

] [30{/usr/share/texmf-dist/fonts/enc/dvips/cm-super/cm-super-ts1.enc} <./figures/triangle1.pdf> <./figures/triangle2.pdf> <./figures/triangle3.pdf> <./figures/triangle4.pdf> <./figures/coastguard.png>]
pdfTeX warning (ext4): destination with the same identifier (name{Exercise.7}) has been already used, duplicate ignored
<to be read again> 
                   \relax 
l.919 }
        (./figures/cosine-law-1.pdf_tex
<./figures/cosine-law-1.pdf, id=339, page=1, 293.73628pt x 152.10898pt>
File: ./figures/cosine-law-1.pdf Graphic file (type pdf)
<use ./figures/cosine-law-1.pdf, page 1>
Package pdftex.def Info: ./figures/cosine-law-1.pdf , page1 used on input line 56.
(pdftex.def)             Requested size: 163.09625pt x 84.45628pt.
)

Package tasks Warning: The width of `label-width' is too small on line 919.
(tasks)                Please set it at least to 11.0971pt.

(./figures/cosine-law-2.pdf_tex
<./figures/cosine-law-2.pdf, id=340, page=1, 264.476pt x 96.80118pt>
File: ./figures/cosine-law-2.pdf Graphic file (type pdf)
<use ./figures/cosine-law-2.pdf, page 1>
Package pdftex.def Info: ./figures/cosine-law-2.pdf , page1 used on input line 56.
(pdftex.def)             Requested size: 163.09625pt x 59.69557pt.
) (./figures/cosine-law-3.pdf_tex
<./figures/cosine-law-3.pdf, id=341, page=1, 198.9537pt x 80.59883pt>
File: ./figures/cosine-law-3.pdf Graphic file (type pdf)
<use ./figures/cosine-law-3.pdf, page 1>
Package pdftex.def Info: ./figures/cosine-law-3.pdf , page1 used on input line 56.
(pdftex.def)             Requested size: 163.09625pt x 66.07178pt.
)

Package tasks Warning: The width of `label-width' is too small on line 919.
(tasks)                Please set it at least to 11.0971pt.

(./figures/cosine-law-4.pdf_tex
<./figures/cosine-law-4.pdf, id=342, page=1, 205.3135pt x 103.75838pt>
File: ./figures/cosine-law-4.pdf Graphic file (type pdf)
<use ./figures/cosine-law-4.pdf, page 1>
Package pdftex.def Info: ./figures/cosine-law-4.pdf , page1 used on input line 56.
(pdftex.def)             Requested size: 163.09625pt x 82.42259pt.
) (./figures/cosine-law-5.pdf_tex
<./figures/cosine-law-5.pdf, id=343, page=1, 159.63364pt x 135.02002pt>
File: ./figures/cosine-law-5.pdf Graphic file (type pdf)
<use ./figures/cosine-law-5.pdf, page 1>
Package pdftex.def Info: ./figures/cosine-law-5.pdf , page1 used on input line 56.
(pdftex.def)             Requested size: 163.09625pt x 137.95552pt.
) (./figures/cosine-law-6.pdf_tex
<./figures/cosine-law-6.pdf, id=344, page=1, 195.41193pt x 54.59906pt>
File: ./figures/cosine-law-6.pdf Graphic file (type pdf)
<use ./figures/cosine-law-6.pdf, page 1>
Package pdftex.def Info: ./figures/cosine-law-6.pdf , page1 used on input line 56.
(pdftex.def)             Requested size: 163.09625pt x 45.57047pt.
)

Package tasks Warning: The width of `label-width' is too small on line 929.
(tasks)                Please set it at least to 11.0971pt.


Package tasks Warning: The width of `label-width' is too small on line 929.
(tasks)                Please set it at least to 11.0971pt.


pdfTeX warning (ext4): destination with the same identifier (name{Exercise.8}) has been already used, duplicate ignored
<to be read again> 
                   \relax 
l.954 }
       

Package tasks Warning: The width of `label-width' is too small on line 954.
(tasks)                Please set it at least to 11.0971pt.


Package tasks Warning: The width of `label-width' is too small on line 954.
(tasks)                Please set it at least to 11.0971pt.


Package tasks Warning: The width of `label-width' is too small on line 954.
(tasks)                Please set it at least to 11.0971pt.


Package tasks Warning: The width of `label-width' is too small on line 968.
(tasks)                Please set it at least to 11.0971pt.


Package tasks Warning: The width of `label-width' is too small on line 968.
(tasks)                Please set it at least to 11.0971pt.


Package tasks Warning: The width of `label-width' is too small on line 968.
(tasks)                Please set it at least to 11.0971pt.


pdfTeX warning (ext4): destination with the same identifier (name{Exercise.9}) has been already used, duplicate ignored
<to be read again> 
                   \relax 
l.970 	S
        olve each triangle using the Law of Sines. If two triangles exist, s...

Package tasks Warning: The width of `label-width' is too small on line 1005.
(tasks)                Please set it at least to 11.0971pt.


Package tasks Warning: The width of `label-width' is too small on line 1005.
(tasks)                Please set it at least to 11.0971pt.


Package tasks Warning: The width of `label-width' is too small on line 1005.
(tasks)                Please set it at least to 11.0971pt.


Package tasks Warning: The width of `label-width' is too small on line 1005.
(tasks)                Please set it at least to 14.36096pt.


Overfull \hbox (3.36096pt too wide) in paragraph at lines 1005--1005
\OT1/cmr/m/n/12 m)
 []


Package tasks Warning: The width of `label-width' is too small on line 1005.
(tasks)                Please set it at least to 11.0971pt.


Package tasks Warning: The width of `label-width' is too small on line 1005.
(tasks)                Please set it at least to 11.0971pt.


Package tasks Warning: The width of `label-width' is too small on line 1026.
(tasks)                Please set it at least to 11.0971pt.


Package tasks Warning: The width of `label-width' is too small on line 1026.
(tasks)                Please set it at least to 11.0971pt.


Package tasks Warning: The width of `label-width' is too small on line 1026.
(tasks)                Please set it at least to 11.0971pt.


Package tasks Warning: The width of `label-width' is too small on line 1026.
(tasks)                Please set it at least to 14.36096pt.


Overfull \hbox (3.36096pt too wide) in paragraph at lines 1026--1026
\OT1/cmr/m/n/12 m)
 []


Package tasks Warning: The width of `label-width' is too small on line 1026.
(tasks)                Please set it at least to 11.0971pt.


Package tasks Warning: The width of `label-width' is too small on line 1026.
(tasks)                Please set it at least to 11.0971pt.


pdfTeX warning (ext4): destination with the same identifier (name{Exercise.10}) has been already used, duplicate ignored
<to be read again> 
                   \relax 
l.1051 }
        

Package tasks Warning: The width of `label-width' is too small on line 1051.
(tasks)                Please set it at least to 11.0971pt.


Package tasks Warning: The width of `label-width' is too small on line 1051.
(tasks)                Please set it at least to 11.0971pt.


Package tasks Warning: The width of `label-width' is too small on line 1051.
(tasks)                Please set it at least to 11.0971pt.


Package tasks Warning: The width of `label-width' is too small on line 1065.
(tasks)                Please set it at least to 11.0971pt.


Package tasks Warning: The width of `label-width' is too small on line 1065.
(tasks)                Please set it at least to 11.0971pt.


Underfull \hbox (badness 10000) in paragraph at lines 1065--1065
|$\U/msa/m/n/12 \\OML/cmm/m/it/12 A \OT1/cmr/m/n/12 = 89\OML/cmm/m/it/12 :\OT1/cmr/m/n/12 7[]\OML/cmm/m/it/12 ; \OT1/cmr/m/n/12 14\OML/cmm/m/it/12 :\OT1/cmr/m/n/12 3[]\OML/cmm/m/it/12 ; \U/msa/m/n/12 \\OML/cmm/m/it/12 B \OT1/cmr/m/n/12 =
 []


Package tasks Warning: The width of `label-width' is too small on line 1065.
(tasks)                Please set it at least to 11.0971pt.


Underfull \vbox (badness 10000) has occurred while \output is active []

 [31

 <./figures/cosine-law-1.pdf> <./figures/cosine-law-2.pdf> <./figures/cosine-law-3.pdf> <./figures/cosine-law-4.pdf> <./figures/cosine-law-5.pdf> <./figures/cosine-law-6.pdf>]
Overfull \vbox (73.5658pt too high) has occurred while \output is active []

 [32] [33]
Underfull \vbox (badness 1281) has occurred while \output is active []

 [34] [35] [36

] (./figures/solar.pdf_tex
<./figures/solar.pdf, id=423, page=1, 117.59868pt x 113.40761pt>
File: ./figures/solar.pdf Graphic file (type pdf)
<use ./figures/solar.pdf, page 1>
Package pdftex.def Info: ./figures/solar.pdf , page1 used on input line 56.
(pdftex.def)             Requested size: 131.30946pt x 126.63321pt.
<./figures/solar.pdf, id=424, page=2, 117.59868pt x 113.40761pt>
File: ./figures/solar.pdf Graphic file (type pdf)
<use ./figures/solar.pdf, page 2>
Package pdftex.def Info: ./figures/solar.pdf , page2 used on input line 61.
(pdftex.def)             Requested size: 131.30946pt x 126.63321pt.
) (./figures/circles.pdf_tex
<./figures/circles.pdf, id=425, page=1, 208.36252pt x 178.9925pt>
File: ./figures/circles.pdf Graphic file (type pdf)
<use ./figures/circles.pdf, page 1>
Package pdftex.def Info: ./figures/circles.pdf , page1 used on input line 56.
(pdftex.def)             Requested size: 183.83646pt x 157.92354pt.
) [37

 <./figures/solar.pdf> <./figures/solar.pdf> <./figures/circles.pdf>]
Underfull \hbox (badness 10000) in paragraph at lines 1116--1116

 []

<figures/diagonal-box.png, id=436, 618.81187pt x 380.17032pt>
File: figures/diagonal-box.png Graphic file (type png)
<use figures/diagonal-box.png>
Package pdftex.def Info: figures/diagonal-box.png  used on input line 1116.
(pdftex.def)             Requested size: 144.54pt x 88.80054pt.
[38

 <./figures/diagonal-box.png>]
Chapter 5.
[39

] [40

] [41

]
pdfTeX warning (ext4): destination with the same identifier (name{Exercise.1}) has been already used, duplicate ignored
<to be read again> 
                   \relax 
l.1133 	F
         ind the surface area and volume of each prism.
<figures/cube1.png, id=457, 416.30531pt x 383.18156pt>
File: figures/cube1.png Graphic file (type png)
<use figures/cube1.png>
Package pdftex.def Info: figures/cube1.png  used on input line 1159.
(pdftex.def)             Requested size: 116.62212pt x 107.34271pt.


Package tasks Warning: The width of `label-width' is too small on line 1159.
(tasks)                Please set it at least to 11.0971pt.

<figures/prism2.png, id=458, 436.63126pt x 263.48438pt>
File: figures/prism2.png Graphic file (type png)
<use figures/prism2.png>
Package pdftex.def Info: figures/prism2.png  used on input line 1159.
(pdftex.def)             Requested size: 116.62212pt x 70.37383pt.
<figures/prism3.png, id=459, 436.63126pt x 347.04657pt>
File: figures/prism3.png Graphic file (type png)
<use figures/prism3.png>
Package pdftex.def Info: figures/prism3.png  used on input line 1159.
(pdftex.def)             Requested size: 116.62212pt x 92.69238pt.

Package tasks Warning: The width of `label-width' is too small on line 1159.
(tasks)                Please set it at least to 11.0971pt.

<figures/prism4.png, id=460, 484.81125pt x 277.035pt>
File: figures/prism4.png Graphic file (type png)
<use figures/prism4.png>
Package pdftex.def Info: figures/prism4.png  used on input line 1159.
(pdftex.def)             Requested size: 116.62212pt x 66.64194pt.
<figures/prism5.png, id=461, 445.665pt x 304.88907pt>
File: figures/prism5.png Graphic file (type png)
<use figures/prism5.png>
Package pdftex.def Info: figures/prism5.png  used on input line 1159.
(pdftex.def)             Requested size: 116.62212pt x 79.78102pt.
<figures/prism6.png, id=462, 438.8897pt x 289.08pt>
File: figures/prism6.png Graphic file (type png)
<use figures/prism6.png>
Package pdftex.def Info: figures/prism6.png  used on input line 1159.
(pdftex.def)             Requested size: 116.62212pt x 76.81314pt.
<figures/prism7.png, id=463, 575.90157pt x 331.99031pt>
File: figures/prism7.png Graphic file (type png)
<use figures/prism7.png>
Package pdftex.def Info: figures/prism7.png  used on input line 1159.
(pdftex.def)             Requested size: 116.62212pt x 67.22766pt.

Package tasks Warning: The width of `label-width' is too small on line 1159.
(tasks)                Please set it at least to 11.0971pt.

<figures/prism8.png, id=464, 555.57562pt x 474.27188pt>
File: figures/prism8.png Graphic file (type png)
<use figures/prism8.png>
Package pdftex.def Info: figures/prism8.png  used on input line 1159.
(pdftex.def)             Requested size: 116.62212pt x 99.54938pt.
<figures/prism9.png, id=465, 544.28343pt x 306.39468pt>
File: figures/prism9.png Graphic file (type png)
<use figures/prism9.png>
Package pdftex.def Info: figures/prism9.png  used on input line 1159.
(pdftex.def)             Requested size: 116.62212pt x 65.64915pt.
<figures/prism11.png, id=466, 316.18124pt x 240.9pt>
File: figures/prism11.png Graphic file (type png)
<use figures/prism11.png>
Package pdftex.def Info: figures/prism11.png  used on input line 1159.
(pdftex.def)             Requested size: 116.62212pt x 88.85223pt.
<figures/prism12.png, id=467, 315.42844pt x 253.69781pt>
File: figures/prism12.png Graphic file (type png)
<use figures/prism12.png>
Package pdftex.def Info: figures/prism12.png  used on input line 1159.
(pdftex.def)             Requested size: 116.62212pt x 93.79703pt.
<figures/prism13.png, id=468, 367.3725pt x 173.14688pt>
File: figures/prism13.png Graphic file (type png)
<use figures/prism13.png>
Package pdftex.def Info: figures/prism13.png  used on input line 1159.
(pdftex.def)             Requested size: 116.62212pt x 54.96426pt.

Package tasks Warning: The width of `label-width' is too small on line 1176.
(tasks)                Please set it at least to 11.0971pt.


Package tasks Warning: The width of `label-width' is too small on line 1176.
(tasks)                Please set it at least to 11.0971pt.


Package tasks Warning: The width of `label-width' is too small on line 1176.
(tasks)                Please set it at least to 11.0971pt.


pdfTeX warning (ext4): destination with the same identifier (name{Exercise.2}) has been already used, duplicate ignored
<to be read again> 
                   \relax 
l.1179 }
        
pdfTeX warning (ext4): destination with the same identifier (name{Exercise.3}) has been already used, duplicate ignored
<to be read again> 
                   \relax 
l.1190 }
        

Package tasks Warning: The width of `label-width' is too small on line 1190.
(tasks)                Please set it at least to 11.0971pt.


Package tasks Warning: The width of `label-width' is too small on line 1196.
(tasks)                Please set it at least to 11.0971pt.


Underfull \vbox (badness 10000) has occurred while \output is active []

 [42

 <./figures/cube1.png> <./figures/prism2.png> <./figures/prism3.png> <./figures/prism4.png> <./figures/prism5.png> <./figures/prism6.png> <./figures/prism7.png> <./figures/prism8.png>] [43 <./figures/prism9.png> <./figures/prism11.png> <./figures/prism12.png> <./figures/prism13.png>]
pdfTeX warning (ext4): destination with the same identifier (name{Exercise.4}) has been already used, duplicate ignored
<to be read again> 
                   \relax 
l.1200 }
        
pdfTeX warning (ext4): destination with the same identifier (name{Exercise.5}) has been already used, duplicate ignored
<to be read again> 
                   \relax 
l.1212 }
        

Package tasks Warning: You've placed
(tasks)                
(tasks)                Find the volume of each pyramid.
(tasks)                
(tasks)                before the first \task  on line 1212. I will throw it
(tasks)                away and ignore it for the rest of the list.

<figures/pyramid1.png, id=496, 139.27031pt x 100.87688pt>
File: figures/pyramid1.png Graphic file (type png)
<use figures/pyramid1.png>
Package pdftex.def Info: figures/pyramid1.png  used on input line 1212.
(pdftex.def)             Requested size: 101.93477pt x 73.83498pt.

Package tasks Warning: The width of `label-width' is too small on line 1212.
(tasks)                Please set it at least to 11.0971pt.

<figures/pyramid2.png, id=497, 155.83218pt x 134.75343pt>
File: figures/pyramid2.png Graphic file (type png)
<use figures/pyramid2.png>
Package pdftex.def Info: figures/pyramid2.png  used on input line 1212.
(pdftex.def)             Requested size: 101.93477pt x 88.14796pt.
<figures/pyramid3.png, id=498, 155.07938pt x 106.89937pt>
File: figures/pyramid3.png Graphic file (type png)
<use figures/pyramid3.png>
Package pdftex.def Info: figures/pyramid3.png  used on input line 1212.
(pdftex.def)             Requested size: 101.93477pt x 70.26508pt.

Package tasks Warning: The width of `label-width' is too small on line 1212.
(tasks)                Please set it at least to 11.0971pt.

<figures/pyramid4.png, id=499, 109.91063pt x 133.24782pt>
File: figures/pyramid4.png Graphic file (type png)
<use figures/pyramid4.png>
Package pdftex.def Info: figures/pyramid4.png  used on input line 1212.
(pdftex.def)             Requested size: 101.93477pt x 123.58167pt.

Package tasks Warning: The width of `label-width' is too small on line 1220.
(tasks)                Please set it at least to 11.0971pt.


Package tasks Warning: The width of `label-width' is too small on line 1220.
(tasks)                Please set it at least to 11.0971pt.


pdfTeX warning (ext4): destination with the same identifier (name{Exercise.6}) has been already used, duplicate ignored
<to be read again> 
                   \relax 
l.1224 }
        
<figures/pyramidratio.png, id=500, 142.28156pt x 110.66344pt>
File: figures/pyramidratio.png Graphic file (type png)
<use figures/pyramidratio.png>
Package pdftex.def Info: figures/pyramidratio.png  used on input line 1224.
(pdftex.def)             Requested size: 157.57297pt x 122.56935pt.
 [44

 <./figures/pyramid1.png> <./figures/pyramid2.png> <./figures/pyramid3.png> <./figures/pyramid4.png> <./figures/pyramidratio.png>]
pdfTeX warning (ext4): destination with the same identifier (name{Exercise.7}) has been already used, duplicate ignored
<to be read again> 
                   \relax 
l.1234 	\end{tasks}}
                    

Package tasks Warning: The width of `label-width' is too small on line 1234.
(tasks)                Please set it at least to 11.0971pt.


Package tasks Warning: The width of `label-width' is too small on line 1240.
(tasks)                Please set it at least to 11.0971pt.


Underfull \hbox (badness 2409) in paragraph at lines 1240--1240
|$\OML/cmm/m/it/12 S:A: \OT1/cmr/m/n/12 =$ area of base $+6$ sides $=
 []


pdfTeX warning (ext4): destination with the same identifier (name{Exercise.8}) has been already used, duplicate ignored
<to be read again> 
                   \relax 
l.1244 }
        
pdfTeX warning (ext4): destination with the same identifier (name{Exercise.9}) has been already used, duplicate ignored
<to be read again> 
                   \relax 
l.1249 }
        
pdfTeX warning (ext4): destination with the same identifier (name{Exercise.10}) has been already used, duplicate ignored
<to be read again> 
                   \relax 
l.1255 	C
         alculate the surface area and volume of each figure.
<figures/volume1.png, id=511, 105.39375pt x 119.69719pt>
File: figures/volume1.png Graphic file (type png)
<use figures/volume1.png>
Package pdftex.def Info: figures/volume1.png  used on input line 1281.
(pdftex.def)             Requested size: 84.3151pt x 95.75786pt.


Package tasks Warning: The width of `label-width' is too small on line 1281.
(tasks)                Please set it at least to 11.0971pt.

<figures/volume2.png, id=512, 196.48407pt x 107.65219pt>
File: figures/volume2.png Graphic file (type png)
<use figures/volume2.png>
Package pdftex.def Info: figures/volume2.png  used on input line 1281.
(pdftex.def)             Requested size: 157.18745pt x 86.12186pt.
<figures/volume3.png, id=513, 174.6525pt x 127.97812pt>
File: figures/volume3.png Graphic file (type png)
<use figures/volume3.png>
Package pdftex.def Info: figures/volume3.png  used on input line 1281.
(pdftex.def)             Requested size: 139.72218pt x 102.38261pt.

Package tasks Warning: The width of `label-width' is too small on line 1281.
(tasks)                Please set it at least to 11.0971pt.

<figures/volume4.png, id=514, 123.46124pt x 142.28156pt>
File: figures/volume4.png Graphic file (type png)
<use figures/volume4.png>
Package pdftex.def Info: figures/volume4.png  used on input line 1281.
(pdftex.def)             Requested size: 98.7691pt x 113.8254pt.
<figures/volume5.png, id=515, 132.495pt x 137.01187pt>
File: figures/volume5.png Graphic file (type png)
<use figures/volume5.png>
Package pdftex.def Info: figures/volume5.png  used on input line 1281.
(pdftex.def)             Requested size: 105.99612pt x 109.60963pt.
<figures/volume6.png, id=516, 121.95563pt x 134.00063pt>
File: figures/volume6.png Graphic file (type png)
<use figures/volume6.png>
Package pdftex.def Info: figures/volume6.png  used on input line 1281.
(pdftex.def)             Requested size: 97.5646pt x 107.20062pt.
<figures/volume7.png, id=517, 132.495pt x 133.24782pt>
File: figures/volume7.png Graphic file (type png)
<use figures/volume7.png>
Package pdftex.def Info: figures/volume7.png  used on input line 1281.
(pdftex.def)             Requested size: 105.99612pt x 106.59839pt.

Package tasks Warning: The width of `label-width' is too small on line 1281.
(tasks)                Please set it at least to 11.0971pt.

<figures/volume8.png, id=518, 191.21437pt x 140.02313pt>
File: figures/volume8.png Graphic file (type png)
<use figures/volume8.png>
Package pdftex.def Info: figures/volume8.png  used on input line 1281.
(pdftex.def)             Requested size: 152.9717pt x 112.01865pt.
<figures/volume9.png, id=519, 167.87718pt x 108.405pt>
File: figures/volume9.png Graphic file (type png)
<use figures/volume9.png>
Package pdftex.def Info: figures/volume9.png  used on input line 1281.
(pdftex.def)             Requested size: 134.30193pt x 86.7241pt.
<figures/volume10.png, id=520, 176.15813pt x 104.64093pt>
File: figures/volume10.png Graphic file (type png)
<use figures/volume10.png>
Package pdftex.def Info: figures/volume10.png  used on input line 1281.
(pdftex.def)             Requested size: 140.92668pt x 83.71283pt.
<figures/volume11.png, id=521, 135.50626pt x 112.16907pt>
File: figures/volume11.png Graphic file (type png)
<use figures/volume11.png>
Package pdftex.def Info: figures/volume11.png  used on input line 1281.
(pdftex.def)             Requested size: 108.40514pt x 89.73535pt.
<figures/volume12.png, id=522, 138.5175pt x 120.45pt>
File: figures/volume12.png Graphic file (type png)
<use figures/volume12.png>
Package pdftex.def Info: figures/volume12.png  used on input line 1281.
(pdftex.def)             Requested size: 110.81413pt x 96.3601pt.

Package tasks Warning: The width of `label-width' is too small on line 1296.
(tasks)                Please set it at least to 11.0971pt.


Package tasks Warning: The width of `label-width' is too small on line 1296.
(tasks)                Please set it at least to 11.0971pt.


Package tasks Warning: The width of `label-width' is too small on line 1296.
(tasks)                Please set it at least to 11.0971pt.


pdfTeX warning (ext4): destination with the same identifier (name{Exercise.11}) has been already used, duplicate ignored
<to be read again> 
                   \relax 
l.1300 }
        
pdfTeX warning (ext4): destination with the same identifier (name{Exercise.12}) has been already used, duplicate ignored
<to be read again> 
                   \relax 
l.1309 }
        
Underfull \hbox (badness 10000) in paragraph at lines 1309--1309

 []

<figures/revolving-rectangle.png, id=523, 147.55125pt x 76.03406pt>
File: figures/revolving-rectangle.png Graphic file (type png)
<use figures/revolving-rectangle.png>
Package pdftex.def Info: figures/revolving-rectangle.png  used on input line 1309.
(pdftex.def)             Requested size: 118.04114pt x 60.82732pt.

pdfTeX warning (ext4): destination with the same identifier (name{Exercise.13}) has been already used, duplicate ignored
<to be read again> 
                   \relax 
l.1313 }
        
pdfTeX warning (ext4): destination with the same identifier (name{Exercise.14}) has been already used, duplicate ignored
<to be read again> 
                   \relax 
l.1321 }
        
pdfTeX warning (ext4): destination with the same identifier (name{Exercise.15}) has been already used, duplicate ignored
<to be read again> 
                   \relax 
l.1329 }
        
Underfull \vbox (badness 10000) has occurred while \output is active []

 [45

 <./figures/volume1.png> <./figures/volume2.png> <./figures/volume3.png> <./figures/volume4.png>] [46 <./figures/volume5.png> <./figures/volume6.png> <./figures/volume7.png> <./figures/volume8.png> <./figures/volume9.png> <./figures/volume10.png> <./figures/volume11.png> <./figures/volume12.png>] [47 <./figures/revolving-rectangle.png>]
pdfTeX warning (ext4): destination with the same identifier (name{Exercise.16}) has been already used, duplicate ignored
<to be read again> 
                   \relax 
l.1337 }
        
pdfTeX warning (ext4): destination with the same identifier (name{Exercise.17}) has been already used, duplicate ignored
<to be read again> 
                   \relax 
l.1346 }
        
Underfull \hbox (badness 10000) in paragraph at lines 1346--1346

 []

<figures/cubesphere.png, id=550, 127.22531pt x 120.45pt>
File: figures/cubesphere.png Graphic file (type png)
<use figures/cubesphere.png>
Package pdftex.def Info: figures/cubesphere.png  used on input line 1346.
(pdftex.def)             Requested size: 101.78038pt x 96.3601pt.

pdfTeX warning (ext4): destination with the same identifier (name{Exercise.18}) has been already used, duplicate ignored
<to be read again> 
                   \relax 
l.1355 }
        
Underfull \hbox (badness 10000) in paragraph at lines 1355--1355

 []

<figures/conesphere.png, id=551, 174.6525pt x 146.79843pt>
File: figures/conesphere.png Graphic file (type png)
<use figures/conesphere.png>
Package pdftex.def Info: figures/conesphere.png  used on input line 1355.
(pdftex.def)             Requested size: 139.72218pt x 117.43889pt.
<figures/spherepack1.png, id=552, 50.43843pt x 130.23656pt>
File: figures/spherepack1.png Graphic file (type png)
<use figures/spherepack1.png>
Package pdftex.def Info: figures/spherepack1.png  used on input line 1368.
(pdftex.def)             Requested size: 40.35078pt x 104.18938pt.

Package tasks Warning: The width of `label-width' is too small on line 1368.
(tasks)                Please set it at least to 11.0971pt.

<figures/spherepack2.png, id=553, 47.42719pt x 134.75343pt>
File: figures/spherepack2.png Graphic file (type png)
<use figures/spherepack2.png>
Package pdftex.def Info: figures/spherepack2.png  used on input line 1368.
(pdftex.def)             Requested size: 37.94179pt x 107.80289pt.
<figures/spherepack3.png, id=554, 52.69687pt x 143.78719pt>
File: figures/spherepack3.png Graphic file (type png)
<use figures/spherepack3.png>
Package pdftex.def Info: figures/spherepack3.png  used on input line 1368.
(pdftex.def)             Requested size: 42.15753pt x 115.02989pt.

Package tasks Warning: The width of `label-width' is too small on line 1375.
(tasks)                Please set it at least to 11.0971pt.

[48

 <./figures/cubesphere.png> <./figures/conesphere.png> <./figures/spherepack1.png> <./figures/spherepack2.png> <./figures/spherepack3.png>] [49

] [50


]
Chapter 6.

Underfull \vbox (badness 10000) has occurred while \output is active []

 [51 <./figures/std450.pdf> <./figures/std-730.pdf> <./figures/std3645.pdf>]
Underfull \vbox (badness 10000) has occurred while \output is active []

 [52 <./figures/wiper-blade.pdf>] [53]
Underfull \vbox (badness 1275) has occurred while \output is active []

 [54]
Underfull \vbox (badness 10000) has occurred while \output is active []

 [55]
Underfull \vbox (badness 10000) has occurred while \output is active []

 [56]
Underfull \vbox (badness 7133) has occurred while \output is active []

 [57] [58] (./trigonometric.aux)
 ***********
LaTeX2e <2025-11-01>
L3 programming layer <2020/03/25>
 ***********
Package rerunfilecheck Info: File `trigonometric.out' has not changed.
(rerunfilecheck)             Checksum: D456B343EB2105FE9B3C1E343B5FC6A3;824.
 ) 
Here is how much of TeX's memory you used:
 46795 strings out of 469515
 1086539 string characters out of 5470807
 1777008 words of memory out of 5000000
 74107 multiletter control sequences out of 15000+600000
 634569 words of font info for 65 fonts, out of 8000000 for 9000
 14 hyphenation exceptions out of 8191
 84i,20n,134p,1160b,2295s stack positions out of 10000i,1000n,20000p,200000b,200000s
</usr/share/texmf-dist/fonts/type1/public/amsfonts/cm/cmbx12.pfb></usr/share/texmf-dist/fonts/type1/public/amsfonts/cm/cmex10.pfb></usr/share/texmf-dist/fonts/type1/public/amsfonts/cm/cmmi12.pfb></usr/share/texmf-dist/fonts/type1/public/amsfonts/cm/cmmi8.pfb></usr/share/texmf-dist/fonts/type1/public/amsfonts/cm/cmr12.pfb></usr/share/texmf-dist/fonts/type1/public/amsfonts/cm/cmr8.pfb></usr/share/texmf-dist/fonts/type1/public/amsfonts/cm/cmsy10.pfb></usr/share/texmf-dist/fonts/type1/public/amsfonts/cm/cmsy6.pfb></usr/share/texmf-dist/fonts/type1/public/amsfonts/cm/cmsy8.pfb></usr/share/texmf-dist/fonts/type1/public/amsfonts/cm/cmti12.pfb></usr/share/texmf-dist/fonts/type1/public/amsfonts/symbols/msam10.pfb></usr/share/texmf-dist/fonts/type1/public/cm-super/sfrm1200.pfb>
Output written on trigonometric.pdf (59 pages, 1617901 bytes).
PDF statistics:
 945 PDF objects out of 1000 (max. 8388607)
 768 compressed objects within 8 object streams
 451 named destinations out of 1000 (max. 500000)
 448 words of extra memory for PDF output out of 10000 (max. 10000000)

